{
  "best_metric": null,
  "best_model_checkpoint": null,
  "epoch": 4.9662783568362965,
  "global_step": 16200,
  "is_hyper_param_search": false,
  "is_local_process_zero": true,
  "is_world_process_zero": true,
  "log_history": [
    {
      "epoch": 0.01,
      "learning_rate": 5.9999999999999995e-05,
      "loss": 2.1085,
      "step": 20
    },
    {
      "epoch": 0.01,
      "learning_rate": 0.00011999999999999999,
      "loss": 1.6328,
      "step": 40
    },
    {
      "epoch": 0.02,
      "learning_rate": 0.00017999999999999998,
      "loss": 1.0746,
      "step": 60
    },
    {
      "epoch": 0.02,
      "learning_rate": 0.00023999999999999998,
      "loss": 0.8724,
      "step": 80
    },
    {
      "epoch": 0.03,
      "learning_rate": 0.0003,
      "loss": 0.7883,
      "step": 100
    },
    {
      "epoch": 0.04,
      "learning_rate": 0.0002996298581122763,
      "loss": 0.7841,
      "step": 120
    },
    {
      "epoch": 0.04,
      "learning_rate": 0.0002992597162245527,
      "loss": 0.7897,
      "step": 140
    },
    {
      "epoch": 0.05,
      "learning_rate": 0.00029888957433682906,
      "loss": 0.7602,
      "step": 160
    },
    {
      "epoch": 0.06,
      "learning_rate": 0.00029851943244910546,
      "loss": 0.7531,
      "step": 180
    },
    {
      "epoch": 0.06,
      "learning_rate": 0.0002981492905613818,
      "loss": 0.7444,
      "step": 200
    },
    {
      "epoch": 0.07,
      "learning_rate": 0.0002977791486736582,
      "loss": 0.7684,
      "step": 220
    },
    {
      "epoch": 0.07,
      "learning_rate": 0.00029740900678593455,
      "loss": 0.787,
      "step": 240
    },
    {
      "epoch": 0.08,
      "learning_rate": 0.00029703886489821095,
      "loss": 0.7741,
      "step": 260
    },
    {
      "epoch": 0.09,
      "learning_rate": 0.00029666872301048735,
      "loss": 0.742,
      "step": 280
    },
    {
      "epoch": 0.09,
      "learning_rate": 0.0002962985811227637,
      "loss": 0.7587,
      "step": 300
    },
    {
      "epoch": 0.1,
      "learning_rate": 0.0002959284392350401,
      "loss": 0.7652,
      "step": 320
    },
    {
      "epoch": 0.1,
      "learning_rate": 0.00029555829734731644,
      "loss": 0.7614,
      "step": 340
    },
    {
      "epoch": 0.11,
      "learning_rate": 0.00029518815545959284,
      "loss": 0.7698,
      "step": 360
    },
    {
      "epoch": 0.12,
      "learning_rate": 0.0002948180135718692,
      "loss": 0.7707,
      "step": 380
    },
    {
      "epoch": 0.12,
      "learning_rate": 0.0002944478716841456,
      "loss": 0.7797,
      "step": 400
    },
    {
      "epoch": 0.13,
      "learning_rate": 0.0002940777297964219,
      "loss": 0.7279,
      "step": 420
    },
    {
      "epoch": 0.13,
      "learning_rate": 0.0002937075879086983,
      "loss": 0.7544,
      "step": 440
    },
    {
      "epoch": 0.14,
      "learning_rate": 0.00029333744602097467,
      "loss": 0.7551,
      "step": 460
    },
    {
      "epoch": 0.15,
      "learning_rate": 0.00029296730413325107,
      "loss": 0.7573,
      "step": 480
    },
    {
      "epoch": 0.15,
      "learning_rate": 0.0002925971622455274,
      "loss": 0.7384,
      "step": 500
    },
    {
      "epoch": 0.16,
      "learning_rate": 0.0002922270203578038,
      "loss": 0.7595,
      "step": 520
    },
    {
      "epoch": 0.17,
      "learning_rate": 0.00029185687847008016,
      "loss": 0.7247,
      "step": 540
    },
    {
      "epoch": 0.17,
      "learning_rate": 0.0002914867365823565,
      "loss": 0.7453,
      "step": 560
    },
    {
      "epoch": 0.18,
      "learning_rate": 0.00029111659469463296,
      "loss": 0.7549,
      "step": 580
    },
    {
      "epoch": 0.18,
      "learning_rate": 0.0002907464528069093,
      "loss": 0.7595,
      "step": 600
    },
    {
      "epoch": 0.19,
      "learning_rate": 0.00029037631091918565,
      "loss": 0.76,
      "step": 620
    },
    {
      "epoch": 0.2,
      "learning_rate": 0.00029000616903146205,
      "loss": 0.7399,
      "step": 640
    },
    {
      "epoch": 0.2,
      "learning_rate": 0.0002896360271437384,
      "loss": 0.7568,
      "step": 660
    },
    {
      "epoch": 0.21,
      "learning_rate": 0.0002892658852560148,
      "loss": 0.7461,
      "step": 680
    },
    {
      "epoch": 0.21,
      "learning_rate": 0.00028889574336829114,
      "loss": 0.7596,
      "step": 700
    },
    {
      "epoch": 0.22,
      "learning_rate": 0.00028852560148056753,
      "loss": 0.7414,
      "step": 720
    },
    {
      "epoch": 0.23,
      "learning_rate": 0.0002881554595928439,
      "loss": 0.7517,
      "step": 740
    },
    {
      "epoch": 0.23,
      "learning_rate": 0.0002877853177051203,
      "loss": 0.7382,
      "step": 760
    },
    {
      "epoch": 0.24,
      "learning_rate": 0.0002874151758173966,
      "loss": 0.7276,
      "step": 780
    },
    {
      "epoch": 0.25,
      "learning_rate": 0.000287045033929673,
      "loss": 0.7683,
      "step": 800
    },
    {
      "epoch": 0.25,
      "learning_rate": 0.00028667489204194937,
      "loss": 0.7427,
      "step": 820
    },
    {
      "epoch": 0.26,
      "learning_rate": 0.00028630475015422577,
      "loss": 0.7428,
      "step": 840
    },
    {
      "epoch": 0.26,
      "learning_rate": 0.0002859346082665021,
      "loss": 0.7663,
      "step": 860
    },
    {
      "epoch": 0.27,
      "learning_rate": 0.0002855644663787785,
      "loss": 0.7389,
      "step": 880
    },
    {
      "epoch": 0.28,
      "learning_rate": 0.0002851943244910549,
      "loss": 0.756,
      "step": 900
    },
    {
      "epoch": 0.28,
      "learning_rate": 0.00028482418260333126,
      "loss": 0.7523,
      "step": 920
    },
    {
      "epoch": 0.29,
      "learning_rate": 0.00028445404071560765,
      "loss": 0.8009,
      "step": 940
    },
    {
      "epoch": 0.29,
      "learning_rate": 0.000284083898827884,
      "loss": 0.7797,
      "step": 960
    },
    {
      "epoch": 0.3,
      "learning_rate": 0.0002837137569401604,
      "loss": 0.7541,
      "step": 980
    },
    {
      "epoch": 0.31,
      "learning_rate": 0.00028334361505243674,
      "loss": 0.7396,
      "step": 1000
    },
    {
      "epoch": 0.31,
      "learning_rate": 0.00028297347316471314,
      "loss": 0.7387,
      "step": 1020
    },
    {
      "epoch": 0.32,
      "learning_rate": 0.0002826033312769895,
      "loss": 0.7676,
      "step": 1040
    },
    {
      "epoch": 0.32,
      "learning_rate": 0.00028223318938926583,
      "loss": 0.739,
      "step": 1060
    },
    {
      "epoch": 0.33,
      "learning_rate": 0.00028186304750154223,
      "loss": 0.7276,
      "step": 1080
    },
    {
      "epoch": 0.34,
      "learning_rate": 0.0002814929056138186,
      "loss": 0.7186,
      "step": 1100
    },
    {
      "epoch": 0.34,
      "learning_rate": 0.000281122763726095,
      "loss": 0.7135,
      "step": 1120
    },
    {
      "epoch": 0.35,
      "learning_rate": 0.0002807526218383713,
      "loss": 0.751,
      "step": 1140
    },
    {
      "epoch": 0.36,
      "learning_rate": 0.0002803824799506477,
      "loss": 0.7299,
      "step": 1160
    },
    {
      "epoch": 0.36,
      "learning_rate": 0.00028001233806292406,
      "loss": 0.716,
      "step": 1180
    },
    {
      "epoch": 0.37,
      "learning_rate": 0.00027964219617520046,
      "loss": 0.7279,
      "step": 1200
    },
    {
      "epoch": 0.37,
      "learning_rate": 0.00027927205428747686,
      "loss": 0.733,
      "step": 1220
    },
    {
      "epoch": 0.38,
      "learning_rate": 0.0002789019123997532,
      "loss": 0.7127,
      "step": 1240
    },
    {
      "epoch": 0.39,
      "learning_rate": 0.0002785317705120296,
      "loss": 0.7391,
      "step": 1260
    },
    {
      "epoch": 0.39,
      "learning_rate": 0.00027816162862430595,
      "loss": 0.7295,
      "step": 1280
    },
    {
      "epoch": 0.4,
      "learning_rate": 0.00027779148673658235,
      "loss": 0.7255,
      "step": 1300
    },
    {
      "epoch": 0.4,
      "learning_rate": 0.0002774213448488587,
      "loss": 0.7592,
      "step": 1320
    },
    {
      "epoch": 0.41,
      "learning_rate": 0.0002770512029611351,
      "loss": 0.7133,
      "step": 1340
    },
    {
      "epoch": 0.42,
      "learning_rate": 0.00027668106107341144,
      "loss": 0.7471,
      "step": 1360
    },
    {
      "epoch": 0.42,
      "learning_rate": 0.00027631091918568784,
      "loss": 0.738,
      "step": 1380
    },
    {
      "epoch": 0.43,
      "learning_rate": 0.0002759407772979642,
      "loss": 0.7617,
      "step": 1400
    },
    {
      "epoch": 0.44,
      "learning_rate": 0.0002755706354102406,
      "loss": 0.7166,
      "step": 1420
    },
    {
      "epoch": 0.44,
      "learning_rate": 0.00027520049352251693,
      "loss": 0.7501,
      "step": 1440
    },
    {
      "epoch": 0.45,
      "learning_rate": 0.0002748303516347933,
      "loss": 0.7229,
      "step": 1460
    },
    {
      "epoch": 0.45,
      "learning_rate": 0.00027446020974706967,
      "loss": 0.7685,
      "step": 1480
    },
    {
      "epoch": 0.46,
      "learning_rate": 0.00027409006785934607,
      "loss": 0.7188,
      "step": 1500
    },
    {
      "epoch": 0.47,
      "learning_rate": 0.00027371992597162247,
      "loss": 0.7351,
      "step": 1520
    },
    {
      "epoch": 0.47,
      "learning_rate": 0.0002733497840838988,
      "loss": 0.7323,
      "step": 1540
    },
    {
      "epoch": 0.48,
      "learning_rate": 0.00027297964219617516,
      "loss": 0.7265,
      "step": 1560
    },
    {
      "epoch": 0.48,
      "learning_rate": 0.00027260950030845156,
      "loss": 0.7444,
      "step": 1580
    },
    {
      "epoch": 0.49,
      "learning_rate": 0.0002722393584207279,
      "loss": 0.6999,
      "step": 1600
    },
    {
      "epoch": 0.5,
      "learning_rate": 0.0002718692165330043,
      "loss": 0.7325,
      "step": 1620
    },
    {
      "epoch": 0.5,
      "learning_rate": 0.00027149907464528065,
      "loss": 0.7502,
      "step": 1640
    },
    {
      "epoch": 0.51,
      "learning_rate": 0.00027112893275755705,
      "loss": 0.7212,
      "step": 1660
    },
    {
      "epoch": 0.52,
      "learning_rate": 0.0002707587908698334,
      "loss": 0.728,
      "step": 1680
    },
    {
      "epoch": 0.52,
      "learning_rate": 0.0002703886489821098,
      "loss": 0.7483,
      "step": 1700
    },
    {
      "epoch": 0.53,
      "learning_rate": 0.00027001850709438614,
      "loss": 0.7399,
      "step": 1720
    },
    {
      "epoch": 0.53,
      "learning_rate": 0.00026964836520666254,
      "loss": 0.7614,
      "step": 1740
    },
    {
      "epoch": 0.54,
      "learning_rate": 0.0002692782233189389,
      "loss": 0.7618,
      "step": 1760
    },
    {
      "epoch": 0.55,
      "learning_rate": 0.0002689080814312153,
      "loss": 0.7392,
      "step": 1780
    },
    {
      "epoch": 0.55,
      "learning_rate": 0.0002685379395434917,
      "loss": 0.7419,
      "step": 1800
    },
    {
      "epoch": 0.56,
      "learning_rate": 0.000268167797655768,
      "loss": 0.703,
      "step": 1820
    },
    {
      "epoch": 0.56,
      "learning_rate": 0.0002677976557680444,
      "loss": 0.7466,
      "step": 1840
    },
    {
      "epoch": 0.57,
      "learning_rate": 0.00026742751388032077,
      "loss": 0.7469,
      "step": 1860
    },
    {
      "epoch": 0.58,
      "learning_rate": 0.00026705737199259717,
      "loss": 0.7487,
      "step": 1880
    },
    {
      "epoch": 0.58,
      "learning_rate": 0.0002666872301048735,
      "loss": 0.7632,
      "step": 1900
    },
    {
      "epoch": 0.59,
      "learning_rate": 0.0002663170882171499,
      "loss": 0.7341,
      "step": 1920
    },
    {
      "epoch": 0.59,
      "learning_rate": 0.00026594694632942626,
      "loss": 0.726,
      "step": 1940
    },
    {
      "epoch": 0.6,
      "learning_rate": 0.0002655768044417026,
      "loss": 0.7607,
      "step": 1960
    },
    {
      "epoch": 0.61,
      "learning_rate": 0.000265206662553979,
      "loss": 0.739,
      "step": 1980
    },
    {
      "epoch": 0.61,
      "learning_rate": 0.00026483652066625535,
      "loss": 0.726,
      "step": 2000
    },
    {
      "epoch": 0.62,
      "learning_rate": 0.00026446637877853175,
      "loss": 0.7402,
      "step": 2020
    },
    {
      "epoch": 0.63,
      "learning_rate": 0.0002640962368908081,
      "loss": 0.7437,
      "step": 2040
    },
    {
      "epoch": 0.63,
      "learning_rate": 0.0002637260950030845,
      "loss": 0.7917,
      "step": 2060
    },
    {
      "epoch": 0.64,
      "learning_rate": 0.00026335595311536083,
      "loss": 0.7225,
      "step": 2080
    },
    {
      "epoch": 0.64,
      "learning_rate": 0.00026298581122763723,
      "loss": 0.75,
      "step": 2100
    },
    {
      "epoch": 0.65,
      "learning_rate": 0.00026261566933991363,
      "loss": 0.7605,
      "step": 2120
    },
    {
      "epoch": 0.66,
      "learning_rate": 0.00026224552745219,
      "loss": 0.7214,
      "step": 2140
    },
    {
      "epoch": 0.66,
      "learning_rate": 0.0002618753855644664,
      "loss": 0.7566,
      "step": 2160
    },
    {
      "epoch": 0.67,
      "learning_rate": 0.0002615052436767427,
      "loss": 0.7311,
      "step": 2180
    },
    {
      "epoch": 0.67,
      "learning_rate": 0.0002611351017890191,
      "loss": 0.7324,
      "step": 2200
    },
    {
      "epoch": 0.68,
      "learning_rate": 0.00026076495990129547,
      "loss": 0.7687,
      "step": 2220
    },
    {
      "epoch": 0.69,
      "learning_rate": 0.00026039481801357187,
      "loss": 0.7176,
      "step": 2240
    },
    {
      "epoch": 0.69,
      "learning_rate": 0.0002600246761258482,
      "loss": 0.7477,
      "step": 2260
    },
    {
      "epoch": 0.7,
      "learning_rate": 0.0002596545342381246,
      "loss": 0.7335,
      "step": 2280
    },
    {
      "epoch": 0.71,
      "learning_rate": 0.00025928439235040095,
      "loss": 0.7484,
      "step": 2300
    },
    {
      "epoch": 0.71,
      "learning_rate": 0.00025891425046267735,
      "loss": 0.7696,
      "step": 2320
    },
    {
      "epoch": 0.72,
      "learning_rate": 0.0002585441085749537,
      "loss": 0.7351,
      "step": 2340
    },
    {
      "epoch": 0.72,
      "learning_rate": 0.0002581739666872301,
      "loss": 0.7348,
      "step": 2360
    },
    {
      "epoch": 0.73,
      "learning_rate": 0.00025780382479950644,
      "loss": 0.7439,
      "step": 2380
    },
    {
      "epoch": 0.74,
      "learning_rate": 0.0002574336829117828,
      "loss": 0.7422,
      "step": 2400
    },
    {
      "epoch": 0.74,
      "learning_rate": 0.00025706354102405924,
      "loss": 0.7284,
      "step": 2420
    },
    {
      "epoch": 0.75,
      "learning_rate": 0.0002566933991363356,
      "loss": 0.7512,
      "step": 2440
    },
    {
      "epoch": 0.75,
      "learning_rate": 0.00025632325724861193,
      "loss": 0.7399,
      "step": 2460
    },
    {
      "epoch": 0.76,
      "learning_rate": 0.00025595311536088833,
      "loss": 0.746,
      "step": 2480
    },
    {
      "epoch": 0.77,
      "learning_rate": 0.0002555829734731647,
      "loss": 0.7308,
      "step": 2500
    },
    {
      "epoch": 0.77,
      "learning_rate": 0.0002552128315854411,
      "loss": 0.7535,
      "step": 2520
    },
    {
      "epoch": 0.78,
      "learning_rate": 0.0002548426896977174,
      "loss": 0.7354,
      "step": 2540
    },
    {
      "epoch": 0.78,
      "learning_rate": 0.0002544725478099938,
      "loss": 0.7253,
      "step": 2560
    },
    {
      "epoch": 0.79,
      "learning_rate": 0.00025410240592227016,
      "loss": 0.7336,
      "step": 2580
    },
    {
      "epoch": 0.8,
      "learning_rate": 0.00025373226403454656,
      "loss": 0.7494,
      "step": 2600
    },
    {
      "epoch": 0.8,
      "learning_rate": 0.0002533621221468229,
      "loss": 0.7356,
      "step": 2620
    },
    {
      "epoch": 0.81,
      "learning_rate": 0.0002529919802590993,
      "loss": 0.7783,
      "step": 2640
    },
    {
      "epoch": 0.82,
      "learning_rate": 0.00025262183837137565,
      "loss": 0.7213,
      "step": 2660
    },
    {
      "epoch": 0.82,
      "learning_rate": 0.00025225169648365205,
      "loss": 0.7338,
      "step": 2680
    },
    {
      "epoch": 0.83,
      "learning_rate": 0.0002518815545959284,
      "loss": 0.7357,
      "step": 2700
    },
    {
      "epoch": 0.83,
      "learning_rate": 0.0002515114127082048,
      "loss": 0.7368,
      "step": 2720
    },
    {
      "epoch": 0.84,
      "learning_rate": 0.0002511412708204812,
      "loss": 0.7396,
      "step": 2740
    },
    {
      "epoch": 0.85,
      "learning_rate": 0.00025077112893275754,
      "loss": 0.7275,
      "step": 2760
    },
    {
      "epoch": 0.85,
      "learning_rate": 0.00025040098704503394,
      "loss": 0.707,
      "step": 2780
    },
    {
      "epoch": 0.86,
      "learning_rate": 0.0002500308451573103,
      "loss": 0.7775,
      "step": 2800
    },
    {
      "epoch": 0.86,
      "learning_rate": 0.0002496607032695867,
      "loss": 0.7468,
      "step": 2820
    },
    {
      "epoch": 0.87,
      "learning_rate": 0.000249290561381863,
      "loss": 0.7316,
      "step": 2840
    },
    {
      "epoch": 0.88,
      "learning_rate": 0.0002489204194941394,
      "loss": 0.7711,
      "step": 2860
    },
    {
      "epoch": 0.88,
      "learning_rate": 0.00024855027760641577,
      "loss": 0.7361,
      "step": 2880
    },
    {
      "epoch": 0.89,
      "learning_rate": 0.0002481801357186921,
      "loss": 0.7374,
      "step": 2900
    },
    {
      "epoch": 0.9,
      "learning_rate": 0.0002478099938309685,
      "loss": 0.7485,
      "step": 2920
    },
    {
      "epoch": 0.9,
      "learning_rate": 0.00024743985194324486,
      "loss": 0.7206,
      "step": 2940
    },
    {
      "epoch": 0.91,
      "learning_rate": 0.00024706971005552126,
      "loss": 0.721,
      "step": 2960
    },
    {
      "epoch": 0.91,
      "learning_rate": 0.0002466995681677976,
      "loss": 0.7366,
      "step": 2980
    },
    {
      "epoch": 0.92,
      "learning_rate": 0.000246329426280074,
      "loss": 0.7412,
      "step": 3000
    },
    {
      "epoch": 0.93,
      "learning_rate": 0.00024595928439235035,
      "loss": 0.7492,
      "step": 3020
    },
    {
      "epoch": 0.93,
      "learning_rate": 0.00024558914250462675,
      "loss": 0.7299,
      "step": 3040
    },
    {
      "epoch": 0.94,
      "learning_rate": 0.00024521900061690315,
      "loss": 0.7559,
      "step": 3060
    },
    {
      "epoch": 0.94,
      "learning_rate": 0.0002448488587291795,
      "loss": 0.7189,
      "step": 3080
    },
    {
      "epoch": 0.95,
      "learning_rate": 0.0002444787168414559,
      "loss": 0.7361,
      "step": 3100
    },
    {
      "epoch": 0.96,
      "learning_rate": 0.00024410857495373226,
      "loss": 0.7356,
      "step": 3120
    },
    {
      "epoch": 0.96,
      "learning_rate": 0.0002437384330660086,
      "loss": 0.7228,
      "step": 3140
    },
    {
      "epoch": 0.97,
      "learning_rate": 0.00024336829117828498,
      "loss": 0.7206,
      "step": 3160
    },
    {
      "epoch": 0.97,
      "learning_rate": 0.00024299814929056135,
      "loss": 0.7399,
      "step": 3180
    },
    {
      "epoch": 0.98,
      "learning_rate": 0.00024262800740283772,
      "loss": 0.7444,
      "step": 3200
    },
    {
      "epoch": 0.99,
      "learning_rate": 0.0002422578655151141,
      "loss": 0.7481,
      "step": 3220
    },
    {
      "epoch": 0.99,
      "learning_rate": 0.00024188772362739047,
      "loss": 0.7332,
      "step": 3240
    },
    {
      "epoch": 1.0,
      "learning_rate": 0.00024151758173966684,
      "loss": 0.734,
      "step": 3260
    },
    {
      "epoch": 1.01,
      "learning_rate": 0.0002411474398519432,
      "loss": 0.7273,
      "step": 3280
    },
    {
      "epoch": 1.01,
      "learning_rate": 0.00024077729796421958,
      "loss": 0.7133,
      "step": 3300
    },
    {
      "epoch": 1.02,
      "learning_rate": 0.00024040715607649596,
      "loss": 0.702,
      "step": 3320
    },
    {
      "epoch": 1.02,
      "learning_rate": 0.00024003701418877233,
      "loss": 0.7366,
      "step": 3340
    },
    {
      "epoch": 1.03,
      "learning_rate": 0.00023966687230104873,
      "loss": 0.7705,
      "step": 3360
    },
    {
      "epoch": 1.04,
      "learning_rate": 0.0002392967304133251,
      "loss": 0.7079,
      "step": 3380
    },
    {
      "epoch": 1.04,
      "learning_rate": 0.00023892658852560147,
      "loss": 0.7173,
      "step": 3400
    },
    {
      "epoch": 1.05,
      "learning_rate": 0.00023855644663787784,
      "loss": 0.7033,
      "step": 3420
    },
    {
      "epoch": 1.05,
      "learning_rate": 0.00023818630475015422,
      "loss": 0.7029,
      "step": 3440
    },
    {
      "epoch": 1.06,
      "learning_rate": 0.0002378161628624306,
      "loss": 0.7195,
      "step": 3460
    },
    {
      "epoch": 1.07,
      "learning_rate": 0.00023744602097470696,
      "loss": 0.7263,
      "step": 3480
    },
    {
      "epoch": 1.07,
      "learning_rate": 0.00023707587908698333,
      "loss": 0.7251,
      "step": 3500
    },
    {
      "epoch": 1.08,
      "learning_rate": 0.0002367057371992597,
      "loss": 0.691,
      "step": 3520
    },
    {
      "epoch": 1.09,
      "learning_rate": 0.00023633559531153608,
      "loss": 0.709,
      "step": 3540
    },
    {
      "epoch": 1.09,
      "learning_rate": 0.00023596545342381242,
      "loss": 0.7032,
      "step": 3560
    },
    {
      "epoch": 1.1,
      "learning_rate": 0.0002355953115360888,
      "loss": 0.7269,
      "step": 3580
    },
    {
      "epoch": 1.1,
      "learning_rate": 0.00023522516964836516,
      "loss": 0.7215,
      "step": 3600
    },
    {
      "epoch": 1.11,
      "learning_rate": 0.00023485502776064154,
      "loss": 0.7345,
      "step": 3620
    },
    {
      "epoch": 1.12,
      "learning_rate": 0.0002344848858729179,
      "loss": 0.7343,
      "step": 3640
    },
    {
      "epoch": 1.12,
      "learning_rate": 0.0002341147439851943,
      "loss": 0.7677,
      "step": 3660
    },
    {
      "epoch": 1.13,
      "learning_rate": 0.00023374460209747068,
      "loss": 0.7071,
      "step": 3680
    },
    {
      "epoch": 1.13,
      "learning_rate": 0.00023337446020974705,
      "loss": 0.7269,
      "step": 3700
    },
    {
      "epoch": 1.14,
      "learning_rate": 0.00023300431832202342,
      "loss": 0.7179,
      "step": 3720
    },
    {
      "epoch": 1.15,
      "learning_rate": 0.0002326341764342998,
      "loss": 0.6998,
      "step": 3740
    },
    {
      "epoch": 1.15,
      "learning_rate": 0.00023226403454657617,
      "loss": 0.7111,
      "step": 3760
    },
    {
      "epoch": 1.16,
      "learning_rate": 0.00023189389265885254,
      "loss": 0.7176,
      "step": 3780
    },
    {
      "epoch": 1.16,
      "learning_rate": 0.0002315237507711289,
      "loss": 0.7274,
      "step": 3800
    },
    {
      "epoch": 1.17,
      "learning_rate": 0.00023115360888340528,
      "loss": 0.7303,
      "step": 3820
    },
    {
      "epoch": 1.18,
      "learning_rate": 0.00023078346699568166,
      "loss": 0.7139,
      "step": 3840
    },
    {
      "epoch": 1.18,
      "learning_rate": 0.00023041332510795803,
      "loss": 0.7073,
      "step": 3860
    },
    {
      "epoch": 1.19,
      "learning_rate": 0.0002300431832202344,
      "loss": 0.7108,
      "step": 3880
    },
    {
      "epoch": 1.2,
      "learning_rate": 0.00022967304133251077,
      "loss": 0.761,
      "step": 3900
    },
    {
      "epoch": 1.2,
      "learning_rate": 0.00022930289944478714,
      "loss": 0.7277,
      "step": 3920
    },
    {
      "epoch": 1.21,
      "learning_rate": 0.00022893275755706352,
      "loss": 0.7318,
      "step": 3940
    },
    {
      "epoch": 1.21,
      "learning_rate": 0.00022856261566933992,
      "loss": 0.7031,
      "step": 3960
    },
    {
      "epoch": 1.22,
      "learning_rate": 0.0002281924737816163,
      "loss": 0.7114,
      "step": 3980
    },
    {
      "epoch": 1.23,
      "learning_rate": 0.00022782233189389266,
      "loss": 0.7215,
      "step": 4000
    },
    {
      "epoch": 1.23,
      "learning_rate": 0.00022745219000616903,
      "loss": 0.7313,
      "step": 4020
    },
    {
      "epoch": 1.24,
      "learning_rate": 0.0002270820481184454,
      "loss": 0.7287,
      "step": 4040
    },
    {
      "epoch": 1.24,
      "learning_rate": 0.00022671190623072175,
      "loss": 0.7135,
      "step": 4060
    },
    {
      "epoch": 1.25,
      "learning_rate": 0.00022634176434299812,
      "loss": 0.75,
      "step": 4080
    },
    {
      "epoch": 1.26,
      "learning_rate": 0.0002259716224552745,
      "loss": 0.7021,
      "step": 4100
    },
    {
      "epoch": 1.26,
      "learning_rate": 0.00022560148056755087,
      "loss": 0.7236,
      "step": 4120
    },
    {
      "epoch": 1.27,
      "learning_rate": 0.00022523133867982724,
      "loss": 0.7206,
      "step": 4140
    },
    {
      "epoch": 1.28,
      "learning_rate": 0.0002248611967921036,
      "loss": 0.7108,
      "step": 4160
    },
    {
      "epoch": 1.28,
      "learning_rate": 0.00022449105490437998,
      "loss": 0.7241,
      "step": 4180
    },
    {
      "epoch": 1.29,
      "learning_rate": 0.00022412091301665635,
      "loss": 0.7506,
      "step": 4200
    },
    {
      "epoch": 1.29,
      "learning_rate": 0.00022375077112893273,
      "loss": 0.7073,
      "step": 4220
    },
    {
      "epoch": 1.3,
      "learning_rate": 0.0002233806292412091,
      "loss": 0.7203,
      "step": 4240
    },
    {
      "epoch": 1.31,
      "learning_rate": 0.00022301048735348547,
      "loss": 0.711,
      "step": 4260
    },
    {
      "epoch": 1.31,
      "learning_rate": 0.00022264034546576187,
      "loss": 0.7221,
      "step": 4280
    },
    {
      "epoch": 1.32,
      "learning_rate": 0.00022227020357803824,
      "loss": 0.7318,
      "step": 4300
    },
    {
      "epoch": 1.32,
      "learning_rate": 0.0002219000616903146,
      "loss": 0.7239,
      "step": 4320
    },
    {
      "epoch": 1.33,
      "learning_rate": 0.00022152991980259099,
      "loss": 0.7309,
      "step": 4340
    },
    {
      "epoch": 1.34,
      "learning_rate": 0.00022115977791486736,
      "loss": 0.7259,
      "step": 4360
    },
    {
      "epoch": 1.34,
      "learning_rate": 0.00022078963602714373,
      "loss": 0.7306,
      "step": 4380
    },
    {
      "epoch": 1.35,
      "learning_rate": 0.0002204194941394201,
      "loss": 0.7037,
      "step": 4400
    },
    {
      "epoch": 1.35,
      "learning_rate": 0.00022004935225169647,
      "loss": 0.7213,
      "step": 4420
    },
    {
      "epoch": 1.36,
      "learning_rate": 0.00021967921036397285,
      "loss": 0.7341,
      "step": 4440
    },
    {
      "epoch": 1.37,
      "learning_rate": 0.00021930906847624922,
      "loss": 0.7314,
      "step": 4460
    },
    {
      "epoch": 1.37,
      "learning_rate": 0.0002189389265885256,
      "loss": 0.71,
      "step": 4480
    },
    {
      "epoch": 1.38,
      "learning_rate": 0.00021856878470080193,
      "loss": 0.6863,
      "step": 4500
    },
    {
      "epoch": 1.39,
      "learning_rate": 0.0002181986428130783,
      "loss": 0.717,
      "step": 4520
    },
    {
      "epoch": 1.39,
      "learning_rate": 0.00021782850092535468,
      "loss": 0.7205,
      "step": 4540
    },
    {
      "epoch": 1.4,
      "learning_rate": 0.00021745835903763105,
      "loss": 0.7362,
      "step": 4560
    },
    {
      "epoch": 1.4,
      "learning_rate": 0.00021708821714990745,
      "loss": 0.7357,
      "step": 4580
    },
    {
      "epoch": 1.41,
      "learning_rate": 0.00021671807526218382,
      "loss": 0.6971,
      "step": 4600
    },
    {
      "epoch": 1.42,
      "learning_rate": 0.0002163479333744602,
      "loss": 0.7426,
      "step": 4620
    },
    {
      "epoch": 1.42,
      "learning_rate": 0.00021597779148673657,
      "loss": 0.7281,
      "step": 4640
    },
    {
      "epoch": 1.43,
      "learning_rate": 0.00021560764959901294,
      "loss": 0.7036,
      "step": 4660
    },
    {
      "epoch": 1.43,
      "learning_rate": 0.0002152375077112893,
      "loss": 0.7407,
      "step": 4680
    },
    {
      "epoch": 1.44,
      "learning_rate": 0.00021486736582356568,
      "loss": 0.7017,
      "step": 4700
    },
    {
      "epoch": 1.45,
      "learning_rate": 0.00021449722393584205,
      "loss": 0.7153,
      "step": 4720
    },
    {
      "epoch": 1.45,
      "learning_rate": 0.00021412708204811843,
      "loss": 0.7074,
      "step": 4740
    },
    {
      "epoch": 1.46,
      "learning_rate": 0.0002137569401603948,
      "loss": 0.7386,
      "step": 4760
    },
    {
      "epoch": 1.47,
      "learning_rate": 0.00021338679827267117,
      "loss": 0.7307,
      "step": 4780
    },
    {
      "epoch": 1.47,
      "learning_rate": 0.00021301665638494754,
      "loss": 0.7022,
      "step": 4800
    },
    {
      "epoch": 1.48,
      "learning_rate": 0.00021264651449722391,
      "loss": 0.7231,
      "step": 4820
    },
    {
      "epoch": 1.48,
      "learning_rate": 0.0002122763726095003,
      "loss": 0.7111,
      "step": 4840
    },
    {
      "epoch": 1.49,
      "learning_rate": 0.00021190623072177666,
      "loss": 0.6932,
      "step": 4860
    },
    {
      "epoch": 1.5,
      "learning_rate": 0.00021153608883405303,
      "loss": 0.7415,
      "step": 4880
    },
    {
      "epoch": 1.5,
      "learning_rate": 0.00021116594694632943,
      "loss": 0.7421,
      "step": 4900
    },
    {
      "epoch": 1.51,
      "learning_rate": 0.0002107958050586058,
      "loss": 0.7144,
      "step": 4920
    },
    {
      "epoch": 1.51,
      "learning_rate": 0.00021042566317088217,
      "loss": 0.7434,
      "step": 4940
    },
    {
      "epoch": 1.52,
      "learning_rate": 0.00021005552128315855,
      "loss": 0.7265,
      "step": 4960
    },
    {
      "epoch": 1.53,
      "learning_rate": 0.00020968537939543492,
      "loss": 0.734,
      "step": 4980
    },
    {
      "epoch": 1.53,
      "learning_rate": 0.00020931523750771126,
      "loss": 0.7535,
      "step": 5000
    },
    {
      "epoch": 1.54,
      "learning_rate": 0.00020894509561998764,
      "loss": 0.7414,
      "step": 5020
    },
    {
      "epoch": 1.55,
      "learning_rate": 0.000208574953732264,
      "loss": 0.7317,
      "step": 5040
    },
    {
      "epoch": 1.55,
      "learning_rate": 0.00020820481184454038,
      "loss": 0.7301,
      "step": 5060
    },
    {
      "epoch": 1.56,
      "learning_rate": 0.00020783466995681675,
      "loss": 0.718,
      "step": 5080
    },
    {
      "epoch": 1.56,
      "learning_rate": 0.00020746452806909312,
      "loss": 0.7114,
      "step": 5100
    },
    {
      "epoch": 1.57,
      "learning_rate": 0.0002070943861813695,
      "loss": 0.6883,
      "step": 5120
    },
    {
      "epoch": 1.58,
      "learning_rate": 0.00020672424429364587,
      "loss": 0.699,
      "step": 5140
    },
    {
      "epoch": 1.58,
      "learning_rate": 0.00020635410240592224,
      "loss": 0.7285,
      "step": 5160
    },
    {
      "epoch": 1.59,
      "learning_rate": 0.0002059839605181986,
      "loss": 0.7156,
      "step": 5180
    },
    {
      "epoch": 1.59,
      "learning_rate": 0.000205613818630475,
      "loss": 0.7243,
      "step": 5200
    },
    {
      "epoch": 1.6,
      "learning_rate": 0.00020524367674275138,
      "loss": 0.7346,
      "step": 5220
    },
    {
      "epoch": 1.61,
      "learning_rate": 0.00020487353485502775,
      "loss": 0.6992,
      "step": 5240
    },
    {
      "epoch": 1.61,
      "learning_rate": 0.00020450339296730413,
      "loss": 0.7306,
      "step": 5260
    },
    {
      "epoch": 1.62,
      "learning_rate": 0.0002041332510795805,
      "loss": 0.7412,
      "step": 5280
    },
    {
      "epoch": 1.62,
      "learning_rate": 0.00020376310919185687,
      "loss": 0.7435,
      "step": 5300
    },
    {
      "epoch": 1.63,
      "learning_rate": 0.00020339296730413324,
      "loss": 0.7292,
      "step": 5320
    },
    {
      "epoch": 1.64,
      "learning_rate": 0.00020302282541640962,
      "loss": 0.7278,
      "step": 5340
    },
    {
      "epoch": 1.64,
      "learning_rate": 0.000202652683528686,
      "loss": 0.7399,
      "step": 5360
    },
    {
      "epoch": 1.65,
      "learning_rate": 0.00020228254164096236,
      "loss": 0.7346,
      "step": 5380
    },
    {
      "epoch": 1.66,
      "learning_rate": 0.00020191239975323873,
      "loss": 0.7181,
      "step": 5400
    },
    {
      "epoch": 1.66,
      "learning_rate": 0.00020154225786551508,
      "loss": 0.7211,
      "step": 5420
    },
    {
      "epoch": 1.67,
      "learning_rate": 0.00020117211597779145,
      "loss": 0.702,
      "step": 5440
    },
    {
      "epoch": 1.67,
      "learning_rate": 0.00020080197409006782,
      "loss": 0.7238,
      "step": 5460
    },
    {
      "epoch": 1.68,
      "learning_rate": 0.0002004318322023442,
      "loss": 0.7181,
      "step": 5480
    },
    {
      "epoch": 1.69,
      "learning_rate": 0.00020006169031462056,
      "loss": 0.7104,
      "step": 5500
    },
    {
      "epoch": 1.69,
      "learning_rate": 0.00019969154842689696,
      "loss": 0.7312,
      "step": 5520
    },
    {
      "epoch": 1.7,
      "learning_rate": 0.00019932140653917334,
      "loss": 0.727,
      "step": 5540
    },
    {
      "epoch": 1.7,
      "learning_rate": 0.0001989512646514497,
      "loss": 0.7229,
      "step": 5560
    },
    {
      "epoch": 1.71,
      "learning_rate": 0.00019858112276372608,
      "loss": 0.7419,
      "step": 5580
    },
    {
      "epoch": 1.72,
      "learning_rate": 0.00019821098087600245,
      "loss": 0.7338,
      "step": 5600
    },
    {
      "epoch": 1.72,
      "learning_rate": 0.00019784083898827882,
      "loss": 0.7101,
      "step": 5620
    },
    {
      "epoch": 1.73,
      "learning_rate": 0.0001974706971005552,
      "loss": 0.7371,
      "step": 5640
    },
    {
      "epoch": 1.74,
      "learning_rate": 0.00019710055521283157,
      "loss": 0.726,
      "step": 5660
    },
    {
      "epoch": 1.74,
      "learning_rate": 0.00019673041332510794,
      "loss": 0.7214,
      "step": 5680
    },
    {
      "epoch": 1.75,
      "learning_rate": 0.0001963602714373843,
      "loss": 0.7157,
      "step": 5700
    },
    {
      "epoch": 1.75,
      "learning_rate": 0.00019599012954966068,
      "loss": 0.7385,
      "step": 5720
    },
    {
      "epoch": 1.76,
      "learning_rate": 0.00019561998766193706,
      "loss": 0.7249,
      "step": 5740
    },
    {
      "epoch": 1.77,
      "learning_rate": 0.00019524984577421343,
      "loss": 0.7108,
      "step": 5760
    },
    {
      "epoch": 1.77,
      "learning_rate": 0.0001948797038864898,
      "loss": 0.7302,
      "step": 5780
    },
    {
      "epoch": 1.78,
      "learning_rate": 0.00019450956199876617,
      "loss": 0.7308,
      "step": 5800
    },
    {
      "epoch": 1.78,
      "learning_rate": 0.00019413942011104257,
      "loss": 0.7222,
      "step": 5820
    },
    {
      "epoch": 1.79,
      "learning_rate": 0.00019376927822331894,
      "loss": 0.7291,
      "step": 5840
    },
    {
      "epoch": 1.8,
      "learning_rate": 0.00019339913633559532,
      "loss": 0.7352,
      "step": 5860
    },
    {
      "epoch": 1.8,
      "learning_rate": 0.0001930289944478717,
      "loss": 0.712,
      "step": 5880
    },
    {
      "epoch": 1.81,
      "learning_rate": 0.00019265885256014806,
      "loss": 0.7132,
      "step": 5900
    },
    {
      "epoch": 1.81,
      "learning_rate": 0.0001922887106724244,
      "loss": 0.7093,
      "step": 5920
    },
    {
      "epoch": 1.82,
      "learning_rate": 0.00019191856878470078,
      "loss": 0.7255,
      "step": 5940
    },
    {
      "epoch": 1.83,
      "learning_rate": 0.00019154842689697715,
      "loss": 0.7156,
      "step": 5960
    },
    {
      "epoch": 1.83,
      "learning_rate": 0.00019117828500925352,
      "loss": 0.7067,
      "step": 5980
    },
    {
      "epoch": 1.84,
      "learning_rate": 0.0001908081431215299,
      "loss": 0.7171,
      "step": 6000
    },
    {
      "epoch": 1.85,
      "learning_rate": 0.00019043800123380627,
      "loss": 0.7263,
      "step": 6020
    },
    {
      "epoch": 1.85,
      "learning_rate": 0.00019006785934608264,
      "loss": 0.7242,
      "step": 6040
    },
    {
      "epoch": 1.86,
      "learning_rate": 0.000189697717458359,
      "loss": 0.6879,
      "step": 6060
    },
    {
      "epoch": 1.86,
      "learning_rate": 0.00018932757557063538,
      "loss": 0.7151,
      "step": 6080
    },
    {
      "epoch": 1.87,
      "learning_rate": 0.00018895743368291175,
      "loss": 0.7013,
      "step": 6100
    },
    {
      "epoch": 1.88,
      "learning_rate": 0.00018858729179518813,
      "loss": 0.7182,
      "step": 6120
    },
    {
      "epoch": 1.88,
      "learning_rate": 0.00018821714990746452,
      "loss": 0.7281,
      "step": 6140
    },
    {
      "epoch": 1.89,
      "learning_rate": 0.0001878470080197409,
      "loss": 0.7063,
      "step": 6160
    },
    {
      "epoch": 1.89,
      "learning_rate": 0.00018747686613201727,
      "loss": 0.7218,
      "step": 6180
    },
    {
      "epoch": 1.9,
      "learning_rate": 0.00018710672424429364,
      "loss": 0.7033,
      "step": 6200
    },
    {
      "epoch": 1.91,
      "learning_rate": 0.00018673658235657,
      "loss": 0.738,
      "step": 6220
    },
    {
      "epoch": 1.91,
      "learning_rate": 0.00018636644046884638,
      "loss": 0.733,
      "step": 6240
    },
    {
      "epoch": 1.92,
      "learning_rate": 0.00018599629858112276,
      "loss": 0.7487,
      "step": 6260
    },
    {
      "epoch": 1.93,
      "learning_rate": 0.00018562615669339913,
      "loss": 0.7159,
      "step": 6280
    },
    {
      "epoch": 1.93,
      "learning_rate": 0.0001852560148056755,
      "loss": 0.7224,
      "step": 6300
    },
    {
      "epoch": 1.94,
      "learning_rate": 0.00018488587291795187,
      "loss": 0.73,
      "step": 6320
    },
    {
      "epoch": 1.94,
      "learning_rate": 0.00018451573103022822,
      "loss": 0.7203,
      "step": 6340
    },
    {
      "epoch": 1.95,
      "learning_rate": 0.0001841455891425046,
      "loss": 0.7284,
      "step": 6360
    },
    {
      "epoch": 1.96,
      "learning_rate": 0.00018377544725478096,
      "loss": 0.7115,
      "step": 6380
    },
    {
      "epoch": 1.96,
      "learning_rate": 0.00018340530536705733,
      "loss": 0.7094,
      "step": 6400
    },
    {
      "epoch": 1.97,
      "learning_rate": 0.0001830351634793337,
      "loss": 0.7067,
      "step": 6420
    },
    {
      "epoch": 1.97,
      "learning_rate": 0.0001826650215916101,
      "loss": 0.7158,
      "step": 6440
    },
    {
      "epoch": 1.98,
      "learning_rate": 0.00018229487970388648,
      "loss": 0.7416,
      "step": 6460
    },
    {
      "epoch": 1.99,
      "learning_rate": 0.00018192473781616285,
      "loss": 0.7142,
      "step": 6480
    },
    {
      "epoch": 1.99,
      "learning_rate": 0.00018155459592843922,
      "loss": 0.6989,
      "step": 6500
    },
    {
      "epoch": 2.0,
      "learning_rate": 0.0001811844540407156,
      "loss": 0.7156,
      "step": 6520
    },
    {
      "epoch": 2.0,
      "learning_rate": 0.00018081431215299197,
      "loss": 0.6858,
      "step": 6540
    },
    {
      "epoch": 2.01,
      "learning_rate": 0.00018044417026526834,
      "loss": 0.7174,
      "step": 6560
    },
    {
      "epoch": 2.02,
      "learning_rate": 0.0001800740283775447,
      "loss": 0.6832,
      "step": 6580
    },
    {
      "epoch": 2.02,
      "learning_rate": 0.00017970388648982108,
      "loss": 0.6845,
      "step": 6600
    },
    {
      "epoch": 2.03,
      "learning_rate": 0.00017933374460209745,
      "loss": 0.6899,
      "step": 6620
    },
    {
      "epoch": 2.04,
      "learning_rate": 0.00017896360271437383,
      "loss": 0.7011,
      "step": 6640
    },
    {
      "epoch": 2.04,
      "learning_rate": 0.0001785934608266502,
      "loss": 0.7066,
      "step": 6660
    },
    {
      "epoch": 2.05,
      "learning_rate": 0.00017822331893892657,
      "loss": 0.7283,
      "step": 6680
    },
    {
      "epoch": 2.05,
      "learning_rate": 0.00017785317705120294,
      "loss": 0.7025,
      "step": 6700
    },
    {
      "epoch": 2.06,
      "learning_rate": 0.00017748303516347931,
      "loss": 0.712,
      "step": 6720
    },
    {
      "epoch": 2.07,
      "learning_rate": 0.0001771128932757557,
      "loss": 0.7052,
      "step": 6740
    },
    {
      "epoch": 2.07,
      "learning_rate": 0.00017674275138803209,
      "loss": 0.7006,
      "step": 6760
    },
    {
      "epoch": 2.08,
      "learning_rate": 0.00017637260950030846,
      "loss": 0.694,
      "step": 6780
    },
    {
      "epoch": 2.08,
      "learning_rate": 0.00017600246761258483,
      "loss": 0.7033,
      "step": 6800
    },
    {
      "epoch": 2.09,
      "learning_rate": 0.0001756323257248612,
      "loss": 0.669,
      "step": 6820
    },
    {
      "epoch": 2.1,
      "learning_rate": 0.00017526218383713755,
      "loss": 0.7037,
      "step": 6840
    },
    {
      "epoch": 2.1,
      "learning_rate": 0.00017489204194941392,
      "loss": 0.6919,
      "step": 6860
    },
    {
      "epoch": 2.11,
      "learning_rate": 0.0001745219000616903,
      "loss": 0.705,
      "step": 6880
    },
    {
      "epoch": 2.12,
      "learning_rate": 0.00017415175817396666,
      "loss": 0.6968,
      "step": 6900
    },
    {
      "epoch": 2.12,
      "learning_rate": 0.00017378161628624303,
      "loss": 0.6885,
      "step": 6920
    },
    {
      "epoch": 2.13,
      "learning_rate": 0.0001734114743985194,
      "loss": 0.7028,
      "step": 6940
    },
    {
      "epoch": 2.13,
      "learning_rate": 0.00017304133251079578,
      "loss": 0.6708,
      "step": 6960
    },
    {
      "epoch": 2.14,
      "learning_rate": 0.00017267119062307215,
      "loss": 0.6843,
      "step": 6980
    },
    {
      "epoch": 2.15,
      "learning_rate": 0.00017230104873534852,
      "loss": 0.7101,
      "step": 7000
    },
    {
      "epoch": 2.15,
      "learning_rate": 0.0001719309068476249,
      "loss": 0.7029,
      "step": 7020
    },
    {
      "epoch": 2.16,
      "learning_rate": 0.00017156076495990127,
      "loss": 0.697,
      "step": 7040
    },
    {
      "epoch": 2.16,
      "learning_rate": 0.00017119062307217767,
      "loss": 0.6907,
      "step": 7060
    },
    {
      "epoch": 2.17,
      "learning_rate": 0.00017082048118445404,
      "loss": 0.7076,
      "step": 7080
    },
    {
      "epoch": 2.18,
      "learning_rate": 0.0001704503392967304,
      "loss": 0.7134,
      "step": 7100
    },
    {
      "epoch": 2.18,
      "learning_rate": 0.00017008019740900678,
      "loss": 0.7358,
      "step": 7120
    },
    {
      "epoch": 2.19,
      "learning_rate": 0.00016971005552128315,
      "loss": 0.702,
      "step": 7140
    },
    {
      "epoch": 2.19,
      "learning_rate": 0.00016933991363355953,
      "loss": 0.7058,
      "step": 7160
    },
    {
      "epoch": 2.2,
      "learning_rate": 0.0001689697717458359,
      "loss": 0.7018,
      "step": 7180
    },
    {
      "epoch": 2.21,
      "learning_rate": 0.00016859962985811227,
      "loss": 0.735,
      "step": 7200
    },
    {
      "epoch": 2.21,
      "learning_rate": 0.00016822948797038864,
      "loss": 0.7003,
      "step": 7220
    },
    {
      "epoch": 2.22,
      "learning_rate": 0.00016785934608266501,
      "loss": 0.7114,
      "step": 7240
    },
    {
      "epoch": 2.23,
      "learning_rate": 0.00016748920419494136,
      "loss": 0.7,
      "step": 7260
    },
    {
      "epoch": 2.23,
      "learning_rate": 0.00016711906230721773,
      "loss": 0.6678,
      "step": 7280
    },
    {
      "epoch": 2.24,
      "learning_rate": 0.0001667489204194941,
      "loss": 0.6975,
      "step": 7300
    },
    {
      "epoch": 2.24,
      "learning_rate": 0.00016637877853177048,
      "loss": 0.725,
      "step": 7320
    },
    {
      "epoch": 2.25,
      "learning_rate": 0.00016600863664404685,
      "loss": 0.6863,
      "step": 7340
    },
    {
      "epoch": 2.26,
      "learning_rate": 0.00016563849475632325,
      "loss": 0.6913,
      "step": 7360
    },
    {
      "epoch": 2.26,
      "learning_rate": 0.00016526835286859962,
      "loss": 0.6879,
      "step": 7380
    },
    {
      "epoch": 2.27,
      "learning_rate": 0.000164898210980876,
      "loss": 0.7084,
      "step": 7400
    },
    {
      "epoch": 2.27,
      "learning_rate": 0.00016452806909315236,
      "loss": 0.7129,
      "step": 7420
    },
    {
      "epoch": 2.28,
      "learning_rate": 0.00016415792720542874,
      "loss": 0.7098,
      "step": 7440
    },
    {
      "epoch": 2.29,
      "learning_rate": 0.0001637877853177051,
      "loss": 0.6947,
      "step": 7460
    },
    {
      "epoch": 2.29,
      "learning_rate": 0.00016341764342998148,
      "loss": 0.701,
      "step": 7480
    },
    {
      "epoch": 2.3,
      "learning_rate": 0.00016304750154225785,
      "loss": 0.7154,
      "step": 7500
    },
    {
      "epoch": 2.31,
      "learning_rate": 0.00016267735965453422,
      "loss": 0.7247,
      "step": 7520
    },
    {
      "epoch": 2.31,
      "learning_rate": 0.0001623072177668106,
      "loss": 0.6855,
      "step": 7540
    },
    {
      "epoch": 2.32,
      "learning_rate": 0.00016193707587908697,
      "loss": 0.7134,
      "step": 7560
    },
    {
      "epoch": 2.32,
      "learning_rate": 0.00016156693399136334,
      "loss": 0.7323,
      "step": 7580
    },
    {
      "epoch": 2.33,
      "learning_rate": 0.0001611967921036397,
      "loss": 0.7406,
      "step": 7600
    },
    {
      "epoch": 2.34,
      "learning_rate": 0.00016082665021591608,
      "loss": 0.7025,
      "step": 7620
    },
    {
      "epoch": 2.34,
      "learning_rate": 0.00016045650832819246,
      "loss": 0.7167,
      "step": 7640
    },
    {
      "epoch": 2.35,
      "learning_rate": 0.00016008636644046883,
      "loss": 0.719,
      "step": 7660
    },
    {
      "epoch": 2.35,
      "learning_rate": 0.00015971622455274523,
      "loss": 0.6818,
      "step": 7680
    },
    {
      "epoch": 2.36,
      "learning_rate": 0.0001593460826650216,
      "loss": 0.711,
      "step": 7700
    },
    {
      "epoch": 2.37,
      "learning_rate": 0.00015897594077729797,
      "loss": 0.6965,
      "step": 7720
    },
    {
      "epoch": 2.37,
      "learning_rate": 0.00015860579888957434,
      "loss": 0.7168,
      "step": 7740
    },
    {
      "epoch": 2.38,
      "learning_rate": 0.00015823565700185072,
      "loss": 0.7257,
      "step": 7760
    },
    {
      "epoch": 2.39,
      "learning_rate": 0.00015786551511412706,
      "loss": 0.7153,
      "step": 7780
    },
    {
      "epoch": 2.39,
      "learning_rate": 0.00015749537322640343,
      "loss": 0.7129,
      "step": 7800
    },
    {
      "epoch": 2.4,
      "learning_rate": 0.0001571252313386798,
      "loss": 0.6973,
      "step": 7820
    },
    {
      "epoch": 2.4,
      "learning_rate": 0.00015675508945095618,
      "loss": 0.6845,
      "step": 7840
    },
    {
      "epoch": 2.41,
      "learning_rate": 0.00015638494756323255,
      "loss": 0.7247,
      "step": 7860
    },
    {
      "epoch": 2.42,
      "learning_rate": 0.00015601480567550892,
      "loss": 0.6987,
      "step": 7880
    },
    {
      "epoch": 2.42,
      "learning_rate": 0.0001556631708821715,
      "loss": 0.7159,
      "step": 7900
    },
    {
      "epoch": 2.43,
      "learning_rate": 0.00015529302899444785,
      "loss": 0.685,
      "step": 7920
    },
    {
      "epoch": 2.43,
      "learning_rate": 0.00015492288710672422,
      "loss": 0.683,
      "step": 7940
    },
    {
      "epoch": 2.44,
      "learning_rate": 0.0001545527452190006,
      "loss": 0.7149,
      "step": 7960
    },
    {
      "epoch": 2.45,
      "learning_rate": 0.00015418260333127697,
      "loss": 0.7057,
      "step": 7980
    },
    {
      "epoch": 2.45,
      "learning_rate": 0.00015381246144355334,
      "loss": 0.7128,
      "step": 8000
    },
    {
      "epoch": 2.46,
      "learning_rate": 0.0001534423195558297,
      "loss": 0.7219,
      "step": 8020
    },
    {
      "epoch": 2.46,
      "learning_rate": 0.00015307217766810609,
      "loss": 0.7403,
      "step": 8040
    },
    {
      "epoch": 2.47,
      "learning_rate": 0.00015270203578038246,
      "loss": 0.7118,
      "step": 8060
    },
    {
      "epoch": 2.48,
      "learning_rate": 0.00015233189389265883,
      "loss": 0.695,
      "step": 8080
    },
    {
      "epoch": 2.48,
      "learning_rate": 0.0001519617520049352,
      "loss": 0.7178,
      "step": 8100
    },
    {
      "epoch": 2.49,
      "learning_rate": 0.00015159161011721157,
      "loss": 0.7146,
      "step": 8120
    },
    {
      "epoch": 2.5,
      "learning_rate": 0.00015122146822948795,
      "loss": 0.7183,
      "step": 8140
    },
    {
      "epoch": 2.5,
      "learning_rate": 0.00015085132634176434,
      "loss": 0.7024,
      "step": 8160
    },
    {
      "epoch": 2.51,
      "learning_rate": 0.00015048118445404072,
      "loss": 0.7154,
      "step": 8180
    },
    {
      "epoch": 2.51,
      "learning_rate": 0.0001501110425663171,
      "loss": 0.7192,
      "step": 8200
    },
    {
      "epoch": 2.52,
      "learning_rate": 0.00014974090067859343,
      "loss": 0.6817,
      "step": 8220
    },
    {
      "epoch": 2.53,
      "learning_rate": 0.00014937075879086983,
      "loss": 0.6908,
      "step": 8240
    },
    {
      "epoch": 2.53,
      "learning_rate": 0.0001490006169031462,
      "loss": 0.6994,
      "step": 8260
    },
    {
      "epoch": 2.54,
      "learning_rate": 0.00014863047501542258,
      "loss": 0.6958,
      "step": 8280
    },
    {
      "epoch": 2.54,
      "learning_rate": 0.00014826033312769895,
      "loss": 0.7,
      "step": 8300
    },
    {
      "epoch": 2.55,
      "learning_rate": 0.00014789019123997532,
      "loss": 0.7088,
      "step": 8320
    },
    {
      "epoch": 2.56,
      "learning_rate": 0.00014752004935225167,
      "loss": 0.7113,
      "step": 8340
    },
    {
      "epoch": 2.56,
      "learning_rate": 0.00014714990746452804,
      "loss": 0.7005,
      "step": 8360
    },
    {
      "epoch": 2.57,
      "learning_rate": 0.00014677976557680444,
      "loss": 0.6823,
      "step": 8380
    },
    {
      "epoch": 2.58,
      "learning_rate": 0.0001464096236890808,
      "loss": 0.722,
      "step": 8400
    },
    {
      "epoch": 2.58,
      "learning_rate": 0.00014603948180135718,
      "loss": 0.6844,
      "step": 8420
    },
    {
      "epoch": 2.59,
      "learning_rate": 0.00014566933991363355,
      "loss": 0.7196,
      "step": 8440
    },
    {
      "epoch": 2.59,
      "learning_rate": 0.00014529919802590993,
      "loss": 0.6957,
      "step": 8460
    },
    {
      "epoch": 2.6,
      "learning_rate": 0.0001449290561381863,
      "loss": 0.6833,
      "step": 8480
    },
    {
      "epoch": 2.61,
      "learning_rate": 0.00014455891425046267,
      "loss": 0.7217,
      "step": 8500
    },
    {
      "epoch": 2.61,
      "learning_rate": 0.00014418877236273904,
      "loss": 0.7053,
      "step": 8520
    },
    {
      "epoch": 2.62,
      "learning_rate": 0.00014381863047501541,
      "loss": 0.7029,
      "step": 8540
    },
    {
      "epoch": 2.62,
      "learning_rate": 0.00014344848858729179,
      "loss": 0.7043,
      "step": 8560
    },
    {
      "epoch": 2.63,
      "learning_rate": 0.00014307834669956816,
      "loss": 0.7086,
      "step": 8580
    },
    {
      "epoch": 2.64,
      "learning_rate": 0.00014270820481184453,
      "loss": 0.7018,
      "step": 8600
    },
    {
      "epoch": 2.64,
      "learning_rate": 0.0001423380629241209,
      "loss": 0.6918,
      "step": 8620
    },
    {
      "epoch": 2.65,
      "learning_rate": 0.00014196792103639727,
      "loss": 0.711,
      "step": 8640
    },
    {
      "epoch": 2.65,
      "learning_rate": 0.00014159777914867365,
      "loss": 0.7064,
      "step": 8660
    },
    {
      "epoch": 2.66,
      "learning_rate": 0.00014122763726095002,
      "loss": 0.6917,
      "step": 8680
    },
    {
      "epoch": 2.67,
      "learning_rate": 0.0001408574953732264,
      "loss": 0.7075,
      "step": 8700
    },
    {
      "epoch": 2.67,
      "learning_rate": 0.00014048735348550276,
      "loss": 0.7047,
      "step": 8720
    },
    {
      "epoch": 2.68,
      "learning_rate": 0.00014011721159777913,
      "loss": 0.6829,
      "step": 8740
    },
    {
      "epoch": 2.69,
      "learning_rate": 0.0001397470697100555,
      "loss": 0.7275,
      "step": 8760
    },
    {
      "epoch": 2.69,
      "learning_rate": 0.00013937692782233188,
      "loss": 0.7006,
      "step": 8780
    },
    {
      "epoch": 2.7,
      "learning_rate": 0.00013900678593460825,
      "loss": 0.6952,
      "step": 8800
    },
    {
      "epoch": 2.7,
      "learning_rate": 0.00013863664404688462,
      "loss": 0.7054,
      "step": 8820
    },
    {
      "epoch": 2.71,
      "learning_rate": 0.000138266502159161,
      "loss": 0.6891,
      "step": 8840
    },
    {
      "epoch": 2.72,
      "learning_rate": 0.00013789636027143737,
      "loss": 0.7096,
      "step": 8860
    },
    {
      "epoch": 2.72,
      "learning_rate": 0.00013752621838371374,
      "loss": 0.6856,
      "step": 8880
    },
    {
      "epoch": 2.73,
      "learning_rate": 0.0001371560764959901,
      "loss": 0.6915,
      "step": 8900
    },
    {
      "epoch": 2.73,
      "learning_rate": 0.00013678593460826648,
      "loss": 0.6961,
      "step": 8920
    },
    {
      "epoch": 2.74,
      "learning_rate": 0.00013641579272054285,
      "loss": 0.7162,
      "step": 8940
    },
    {
      "epoch": 2.75,
      "learning_rate": 0.00013604565083281923,
      "loss": 0.7235,
      "step": 8960
    },
    {
      "epoch": 2.75,
      "learning_rate": 0.0001356755089450956,
      "loss": 0.7136,
      "step": 8980
    },
    {
      "epoch": 2.76,
      "learning_rate": 0.000135305367057372,
      "loss": 0.7421,
      "step": 9000
    },
    {
      "epoch": 2.77,
      "learning_rate": 0.00013493522516964837,
      "loss": 0.6908,
      "step": 9020
    },
    {
      "epoch": 2.77,
      "learning_rate": 0.00013456508328192474,
      "loss": 0.7161,
      "step": 9040
    },
    {
      "epoch": 2.78,
      "learning_rate": 0.0001341949413942011,
      "loss": 0.7209,
      "step": 9060
    },
    {
      "epoch": 2.78,
      "learning_rate": 0.00013382479950647746,
      "loss": 0.6885,
      "step": 9080
    },
    {
      "epoch": 2.79,
      "learning_rate": 0.00013345465761875383,
      "loss": 0.707,
      "step": 9100
    },
    {
      "epoch": 2.8,
      "learning_rate": 0.0001330845157310302,
      "loss": 0.7421,
      "step": 9120
    },
    {
      "epoch": 2.8,
      "learning_rate": 0.00013271437384330658,
      "loss": 0.7093,
      "step": 9140
    },
    {
      "epoch": 2.81,
      "learning_rate": 0.00013234423195558297,
      "loss": 0.721,
      "step": 9160
    },
    {
      "epoch": 2.81,
      "learning_rate": 0.00013197409006785935,
      "loss": 0.7171,
      "step": 9180
    },
    {
      "epoch": 2.82,
      "learning_rate": 0.00013160394818013572,
      "loss": 0.7107,
      "step": 9200
    },
    {
      "epoch": 2.83,
      "learning_rate": 0.0001312338062924121,
      "loss": 0.6881,
      "step": 9220
    },
    {
      "epoch": 2.83,
      "learning_rate": 0.00013086366440468846,
      "loss": 0.7285,
      "step": 9240
    },
    {
      "epoch": 2.84,
      "learning_rate": 0.0001304935225169648,
      "loss": 0.7035,
      "step": 9260
    },
    {
      "epoch": 2.84,
      "learning_rate": 0.00013012338062924118,
      "loss": 0.7121,
      "step": 9280
    },
    {
      "epoch": 2.85,
      "learning_rate": 0.00012975323874151755,
      "loss": 0.7012,
      "step": 9300
    },
    {
      "epoch": 2.86,
      "learning_rate": 0.00012938309685379395,
      "loss": 0.708,
      "step": 9320
    },
    {
      "epoch": 2.86,
      "learning_rate": 0.00012901295496607032,
      "loss": 0.6995,
      "step": 9340
    },
    {
      "epoch": 2.87,
      "learning_rate": 0.0001286428130783467,
      "loss": 0.703,
      "step": 9360
    },
    {
      "epoch": 2.88,
      "learning_rate": 0.00012827267119062307,
      "loss": 0.7234,
      "step": 9380
    },
    {
      "epoch": 2.88,
      "learning_rate": 0.00012790252930289944,
      "loss": 0.6952,
      "step": 9400
    },
    {
      "epoch": 2.89,
      "learning_rate": 0.0001275323874151758,
      "loss": 0.6886,
      "step": 9420
    },
    {
      "epoch": 2.89,
      "learning_rate": 0.00012716224552745218,
      "loss": 0.7131,
      "step": 9440
    },
    {
      "epoch": 2.9,
      "learning_rate": 0.00012679210363972856,
      "loss": 0.7413,
      "step": 9460
    },
    {
      "epoch": 2.91,
      "learning_rate": 0.00012642196175200493,
      "loss": 0.7025,
      "step": 9480
    },
    {
      "epoch": 2.91,
      "learning_rate": 0.0001260518198642813,
      "loss": 0.7306,
      "step": 9500
    },
    {
      "epoch": 2.92,
      "learning_rate": 0.00012568167797655767,
      "loss": 0.6961,
      "step": 9520
    },
    {
      "epoch": 2.92,
      "learning_rate": 0.00012531153608883404,
      "loss": 0.708,
      "step": 9540
    },
    {
      "epoch": 2.93,
      "learning_rate": 0.00012494139420111042,
      "loss": 0.7165,
      "step": 9560
    },
    {
      "epoch": 2.94,
      "learning_rate": 0.0001245712523133868,
      "loss": 0.7093,
      "step": 9580
    },
    {
      "epoch": 2.94,
      "learning_rate": 0.00012420111042566316,
      "loss": 0.7209,
      "step": 9600
    },
    {
      "epoch": 2.95,
      "learning_rate": 0.00012383096853793953,
      "loss": 0.7157,
      "step": 9620
    },
    {
      "epoch": 2.96,
      "learning_rate": 0.0001234608266502159,
      "loss": 0.6931,
      "step": 9640
    },
    {
      "epoch": 2.96,
      "learning_rate": 0.00012309068476249228,
      "loss": 0.7003,
      "step": 9660
    },
    {
      "epoch": 2.97,
      "learning_rate": 0.00012272054287476865,
      "loss": 0.7352,
      "step": 9680
    },
    {
      "epoch": 2.97,
      "learning_rate": 0.00012235040098704502,
      "loss": 0.7382,
      "step": 9700
    },
    {
      "epoch": 2.98,
      "learning_rate": 0.00012198025909932139,
      "loss": 0.7004,
      "step": 9720
    },
    {
      "epoch": 2.99,
      "learning_rate": 0.00012161011721159776,
      "loss": 0.7347,
      "step": 9740
    },
    {
      "epoch": 2.99,
      "learning_rate": 0.00012123997532387414,
      "loss": 0.7166,
      "step": 9760
    },
    {
      "epoch": 3.0,
      "learning_rate": 0.00012086983343615052,
      "loss": 0.7236,
      "step": 9780
    },
    {
      "epoch": 3.0,
      "learning_rate": 0.0001204996915484269,
      "loss": 0.7047,
      "step": 9800
    },
    {
      "epoch": 3.01,
      "learning_rate": 0.00012012954966070327,
      "loss": 0.6866,
      "step": 9820
    },
    {
      "epoch": 3.02,
      "learning_rate": 0.00011975940777297964,
      "loss": 0.7081,
      "step": 9840
    },
    {
      "epoch": 3.02,
      "learning_rate": 0.000119389265885256,
      "loss": 0.6739,
      "step": 9860
    },
    {
      "epoch": 3.03,
      "learning_rate": 0.00011901912399753237,
      "loss": 0.6837,
      "step": 9880
    },
    {
      "epoch": 3.03,
      "learning_rate": 0.00011864898210980874,
      "loss": 0.7169,
      "step": 9900
    },
    {
      "epoch": 3.04,
      "learning_rate": 0.00011827884022208513,
      "loss": 0.6878,
      "step": 9920
    },
    {
      "epoch": 3.05,
      "learning_rate": 0.0001179086983343615,
      "loss": 0.6862,
      "step": 9940
    },
    {
      "epoch": 3.05,
      "learning_rate": 0.00011753855644663787,
      "loss": 0.704,
      "step": 9960
    },
    {
      "epoch": 3.06,
      "learning_rate": 0.00011716841455891424,
      "loss": 0.6963,
      "step": 9980
    },
    {
      "epoch": 3.07,
      "learning_rate": 0.00011679827267119061,
      "loss": 0.6844,
      "step": 10000
    },
    {
      "epoch": 3.07,
      "learning_rate": 0.00011642813078346699,
      "loss": 0.682,
      "step": 10020
    },
    {
      "epoch": 3.08,
      "learning_rate": 0.00011605798889574336,
      "loss": 0.6611,
      "step": 10040
    },
    {
      "epoch": 3.08,
      "learning_rate": 0.00011568784700801973,
      "loss": 0.6889,
      "step": 10060
    },
    {
      "epoch": 3.09,
      "learning_rate": 0.00011531770512029612,
      "loss": 0.6957,
      "step": 10080
    },
    {
      "epoch": 3.1,
      "learning_rate": 0.00011494756323257247,
      "loss": 0.6927,
      "step": 10100
    },
    {
      "epoch": 3.1,
      "learning_rate": 0.00011457742134484885,
      "loss": 0.6944,
      "step": 10120
    },
    {
      "epoch": 3.11,
      "learning_rate": 0.00011420727945712522,
      "loss": 0.6937,
      "step": 10140
    },
    {
      "epoch": 3.11,
      "learning_rate": 0.00011383713756940159,
      "loss": 0.6886,
      "step": 10160
    },
    {
      "epoch": 3.12,
      "learning_rate": 0.00011346699568167796,
      "loss": 0.7181,
      "step": 10180
    },
    {
      "epoch": 3.13,
      "learning_rate": 0.00011309685379395434,
      "loss": 0.6851,
      "step": 10200
    },
    {
      "epoch": 3.13,
      "learning_rate": 0.00011272671190623071,
      "loss": 0.7022,
      "step": 10220
    },
    {
      "epoch": 3.14,
      "learning_rate": 0.00011235657001850709,
      "loss": 0.6915,
      "step": 10240
    },
    {
      "epoch": 3.15,
      "learning_rate": 0.00011198642813078346,
      "loss": 0.6582,
      "step": 10260
    },
    {
      "epoch": 3.15,
      "learning_rate": 0.00011161628624305984,
      "loss": 0.6868,
      "step": 10280
    },
    {
      "epoch": 3.16,
      "learning_rate": 0.00011124614435533621,
      "loss": 0.6912,
      "step": 10300
    },
    {
      "epoch": 3.16,
      "learning_rate": 0.00011087600246761257,
      "loss": 0.6598,
      "step": 10320
    },
    {
      "epoch": 3.17,
      "learning_rate": 0.00011050586057988894,
      "loss": 0.6708,
      "step": 10340
    },
    {
      "epoch": 3.18,
      "learning_rate": 0.00011013571869216531,
      "loss": 0.7146,
      "step": 10360
    },
    {
      "epoch": 3.18,
      "learning_rate": 0.00010976557680444168,
      "loss": 0.6905,
      "step": 10380
    },
    {
      "epoch": 3.19,
      "learning_rate": 0.00010939543491671807,
      "loss": 0.6672,
      "step": 10400
    },
    {
      "epoch": 3.19,
      "learning_rate": 0.00010902529302899444,
      "loss": 0.696,
      "step": 10420
    },
    {
      "epoch": 3.2,
      "learning_rate": 0.00010865515114127081,
      "loss": 0.6854,
      "step": 10440
    },
    {
      "epoch": 3.21,
      "learning_rate": 0.00010830351634793336,
      "loss": 0.6921,
      "step": 10460
    },
    {
      "epoch": 3.21,
      "learning_rate": 0.00010793337446020973,
      "loss": 0.6788,
      "step": 10480
    },
    {
      "epoch": 3.22,
      "learning_rate": 0.0001075632325724861,
      "loss": 0.69,
      "step": 10500
    },
    {
      "epoch": 3.23,
      "learning_rate": 0.00010719309068476248,
      "loss": 0.6903,
      "step": 10520
    },
    {
      "epoch": 3.23,
      "learning_rate": 0.00010682294879703885,
      "loss": 0.6991,
      "step": 10540
    },
    {
      "epoch": 3.24,
      "learning_rate": 0.00010645280690931523,
      "loss": 0.6968,
      "step": 10560
    },
    {
      "epoch": 3.24,
      "learning_rate": 0.0001060826650215916,
      "loss": 0.6889,
      "step": 10580
    },
    {
      "epoch": 3.25,
      "learning_rate": 0.00010571252313386798,
      "loss": 0.7147,
      "step": 10600
    },
    {
      "epoch": 3.26,
      "learning_rate": 0.00010534238124614435,
      "loss": 0.6864,
      "step": 10620
    },
    {
      "epoch": 3.26,
      "learning_rate": 0.00010497223935842072,
      "loss": 0.6914,
      "step": 10640
    },
    {
      "epoch": 3.27,
      "learning_rate": 0.0001046020974706971,
      "loss": 0.6955,
      "step": 10660
    },
    {
      "epoch": 3.27,
      "learning_rate": 0.00010423195558297345,
      "loss": 0.6735,
      "step": 10680
    },
    {
      "epoch": 3.28,
      "learning_rate": 0.00010386181369524982,
      "loss": 0.6765,
      "step": 10700
    },
    {
      "epoch": 3.29,
      "learning_rate": 0.00010349167180752621,
      "loss": 0.7116,
      "step": 10720
    },
    {
      "epoch": 3.29,
      "learning_rate": 0.00010312152991980258,
      "loss": 0.6947,
      "step": 10740
    },
    {
      "epoch": 3.3,
      "learning_rate": 0.00010275138803207895,
      "loss": 0.7252,
      "step": 10760
    },
    {
      "epoch": 3.3,
      "learning_rate": 0.00010238124614435533,
      "loss": 0.6844,
      "step": 10780
    },
    {
      "epoch": 3.31,
      "learning_rate": 0.0001020111042566317,
      "loss": 0.704,
      "step": 10800
    },
    {
      "epoch": 3.32,
      "learning_rate": 0.00010164096236890807,
      "loss": 0.7136,
      "step": 10820
    },
    {
      "epoch": 3.32,
      "learning_rate": 0.00010127082048118444,
      "loss": 0.6817,
      "step": 10840
    },
    {
      "epoch": 3.33,
      "learning_rate": 0.00010090067859346081,
      "loss": 0.7024,
      "step": 10860
    },
    {
      "epoch": 3.34,
      "learning_rate": 0.0001005305367057372,
      "loss": 0.6918,
      "step": 10880
    },
    {
      "epoch": 3.34,
      "learning_rate": 0.00010016039481801357,
      "loss": 0.6978,
      "step": 10900
    },
    {
      "epoch": 3.35,
      "learning_rate": 9.979025293028994e-05,
      "loss": 0.6953,
      "step": 10920
    },
    {
      "epoch": 3.35,
      "learning_rate": 9.94201110425663e-05,
      "loss": 0.6988,
      "step": 10940
    },
    {
      "epoch": 3.36,
      "learning_rate": 9.904996915484268e-05,
      "loss": 0.7094,
      "step": 10960
    },
    {
      "epoch": 3.37,
      "learning_rate": 9.867982726711905e-05,
      "loss": 0.6886,
      "step": 10980
    },
    {
      "epoch": 3.37,
      "learning_rate": 9.830968537939542e-05,
      "loss": 0.7012,
      "step": 11000
    },
    {
      "epoch": 3.38,
      "learning_rate": 9.79395434916718e-05,
      "loss": 0.6975,
      "step": 11020
    },
    {
      "epoch": 3.38,
      "learning_rate": 9.756940160394818e-05,
      "loss": 0.6892,
      "step": 11040
    },
    {
      "epoch": 3.39,
      "learning_rate": 9.719925971622455e-05,
      "loss": 0.6939,
      "step": 11060
    },
    {
      "epoch": 3.4,
      "learning_rate": 9.682911782850092e-05,
      "loss": 0.7095,
      "step": 11080
    },
    {
      "epoch": 3.4,
      "learning_rate": 9.645897594077729e-05,
      "loss": 0.7018,
      "step": 11100
    },
    {
      "epoch": 3.41,
      "learning_rate": 9.608883405305367e-05,
      "loss": 0.7038,
      "step": 11120
    },
    {
      "epoch": 3.42,
      "learning_rate": 9.571869216533002e-05,
      "loss": 0.6912,
      "step": 11140
    },
    {
      "epoch": 3.42,
      "learning_rate": 9.53485502776064e-05,
      "loss": 0.6924,
      "step": 11160
    },
    {
      "epoch": 3.43,
      "learning_rate": 9.497840838988278e-05,
      "loss": 0.7284,
      "step": 11180
    },
    {
      "epoch": 3.43,
      "learning_rate": 9.460826650215915e-05,
      "loss": 0.6736,
      "step": 11200
    },
    {
      "epoch": 3.44,
      "learning_rate": 9.423812461443553e-05,
      "loss": 0.6971,
      "step": 11220
    },
    {
      "epoch": 3.45,
      "learning_rate": 9.38679827267119e-05,
      "loss": 0.6846,
      "step": 11240
    },
    {
      "epoch": 3.45,
      "learning_rate": 9.349784083898827e-05,
      "loss": 0.6805,
      "step": 11260
    },
    {
      "epoch": 3.46,
      "learning_rate": 9.312769895126464e-05,
      "loss": 0.7121,
      "step": 11280
    },
    {
      "epoch": 3.46,
      "learning_rate": 9.275755706354101e-05,
      "loss": 0.7124,
      "step": 11300
    },
    {
      "epoch": 3.47,
      "learning_rate": 9.238741517581739e-05,
      "loss": 0.6749,
      "step": 11320
    },
    {
      "epoch": 3.48,
      "learning_rate": 9.201727328809377e-05,
      "loss": 0.6797,
      "step": 11340
    },
    {
      "epoch": 3.48,
      "learning_rate": 9.164713140037014e-05,
      "loss": 0.7285,
      "step": 11360
    },
    {
      "epoch": 3.49,
      "learning_rate": 9.127698951264652e-05,
      "loss": 0.6918,
      "step": 11380
    },
    {
      "epoch": 3.49,
      "learning_rate": 9.090684762492287e-05,
      "loss": 0.6774,
      "step": 11400
    },
    {
      "epoch": 3.5,
      "learning_rate": 9.053670573719925e-05,
      "loss": 0.6828,
      "step": 11420
    },
    {
      "epoch": 3.51,
      "learning_rate": 9.016656384947562e-05,
      "loss": 0.6971,
      "step": 11440
    },
    {
      "epoch": 3.51,
      "learning_rate": 8.979642196175199e-05,
      "loss": 0.6976,
      "step": 11460
    },
    {
      "epoch": 3.52,
      "learning_rate": 8.942628007402838e-05,
      "loss": 0.6908,
      "step": 11480
    },
    {
      "epoch": 3.53,
      "learning_rate": 8.905613818630475e-05,
      "loss": 0.7011,
      "step": 11500
    },
    {
      "epoch": 3.53,
      "learning_rate": 8.868599629858112e-05,
      "loss": 0.6862,
      "step": 11520
    },
    {
      "epoch": 3.54,
      "learning_rate": 8.831585441085749e-05,
      "loss": 0.6755,
      "step": 11540
    },
    {
      "epoch": 3.54,
      "learning_rate": 8.794571252313386e-05,
      "loss": 0.6815,
      "step": 11560
    },
    {
      "epoch": 3.55,
      "learning_rate": 8.757557063541024e-05,
      "loss": 0.7323,
      "step": 11580
    },
    {
      "epoch": 3.56,
      "learning_rate": 8.72054287476866e-05,
      "loss": 0.6917,
      "step": 11600
    },
    {
      "epoch": 3.56,
      "learning_rate": 8.683528685996297e-05,
      "loss": 0.71,
      "step": 11620
    },
    {
      "epoch": 3.57,
      "learning_rate": 8.646514497223935e-05,
      "loss": 0.699,
      "step": 11640
    },
    {
      "epoch": 3.57,
      "learning_rate": 8.609500308451572e-05,
      "loss": 0.6992,
      "step": 11660
    },
    {
      "epoch": 3.58,
      "learning_rate": 8.57248611967921e-05,
      "loss": 0.6841,
      "step": 11680
    },
    {
      "epoch": 3.59,
      "learning_rate": 8.535471930906847e-05,
      "loss": 0.7045,
      "step": 11700
    },
    {
      "epoch": 3.59,
      "learning_rate": 8.498457742134484e-05,
      "loss": 0.6654,
      "step": 11720
    },
    {
      "epoch": 3.6,
      "learning_rate": 8.461443553362121e-05,
      "loss": 0.6868,
      "step": 11740
    },
    {
      "epoch": 3.61,
      "learning_rate": 8.424429364589758e-05,
      "loss": 0.7102,
      "step": 11760
    },
    {
      "epoch": 3.61,
      "learning_rate": 8.387415175817396e-05,
      "loss": 0.7068,
      "step": 11780
    },
    {
      "epoch": 3.62,
      "learning_rate": 8.350400987045034e-05,
      "loss": 0.7093,
      "step": 11800
    },
    {
      "epoch": 3.62,
      "learning_rate": 8.313386798272671e-05,
      "loss": 0.6911,
      "step": 11820
    },
    {
      "epoch": 3.63,
      "learning_rate": 8.276372609500309e-05,
      "loss": 0.6738,
      "step": 11840
    },
    {
      "epoch": 3.64,
      "learning_rate": 8.239358420727944e-05,
      "loss": 0.7078,
      "step": 11860
    },
    {
      "epoch": 3.64,
      "learning_rate": 8.202344231955582e-05,
      "loss": 0.6789,
      "step": 11880
    },
    {
      "epoch": 3.65,
      "learning_rate": 8.165330043183219e-05,
      "loss": 0.7,
      "step": 11900
    },
    {
      "epoch": 3.65,
      "learning_rate": 8.128315854410856e-05,
      "loss": 0.7124,
      "step": 11920
    },
    {
      "epoch": 3.66,
      "learning_rate": 8.091301665638493e-05,
      "loss": 0.6862,
      "step": 11940
    },
    {
      "epoch": 3.67,
      "learning_rate": 8.054287476866132e-05,
      "loss": 0.6981,
      "step": 11960
    },
    {
      "epoch": 3.67,
      "learning_rate": 8.017273288093769e-05,
      "loss": 0.6966,
      "step": 11980
    },
    {
      "epoch": 3.68,
      "learning_rate": 7.980259099321406e-05,
      "loss": 0.7105,
      "step": 12000
    },
    {
      "epoch": 3.68,
      "learning_rate": 7.943244910549043e-05,
      "loss": 0.66,
      "step": 12020
    },
    {
      "epoch": 3.69,
      "learning_rate": 7.90623072177668e-05,
      "loss": 0.6882,
      "step": 12040
    },
    {
      "epoch": 3.7,
      "learning_rate": 7.869216533004318e-05,
      "loss": 0.6974,
      "step": 12060
    },
    {
      "epoch": 3.7,
      "learning_rate": 7.832202344231954e-05,
      "loss": 0.6908,
      "step": 12080
    },
    {
      "epoch": 3.71,
      "learning_rate": 7.795188155459592e-05,
      "loss": 0.6889,
      "step": 12100
    },
    {
      "epoch": 3.72,
      "learning_rate": 7.75817396668723e-05,
      "loss": 0.6895,
      "step": 12120
    },
    {
      "epoch": 3.72,
      "learning_rate": 7.721159777914867e-05,
      "loss": 0.6794,
      "step": 12140
    },
    {
      "epoch": 3.73,
      "learning_rate": 7.684145589142504e-05,
      "loss": 0.6784,
      "step": 12160
    },
    {
      "epoch": 3.73,
      "learning_rate": 7.647131400370141e-05,
      "loss": 0.6846,
      "step": 12180
    },
    {
      "epoch": 3.74,
      "learning_rate": 7.610117211597778e-05,
      "loss": 0.6831,
      "step": 12200
    },
    {
      "epoch": 3.75,
      "learning_rate": 7.573103022825416e-05,
      "loss": 0.6812,
      "step": 12220
    },
    {
      "epoch": 3.75,
      "learning_rate": 7.536088834053053e-05,
      "loss": 0.7026,
      "step": 12240
    },
    {
      "epoch": 3.76,
      "learning_rate": 7.49907464528069e-05,
      "loss": 0.7004,
      "step": 12260
    },
    {
      "epoch": 3.76,
      "learning_rate": 7.462060456508327e-05,
      "loss": 0.6887,
      "step": 12280
    },
    {
      "epoch": 3.77,
      "learning_rate": 7.425046267735966e-05,
      "loss": 0.6816,
      "step": 12300
    },
    {
      "epoch": 3.78,
      "learning_rate": 7.388032078963602e-05,
      "loss": 0.6868,
      "step": 12320
    },
    {
      "epoch": 3.78,
      "learning_rate": 7.351017890191239e-05,
      "loss": 0.6891,
      "step": 12340
    },
    {
      "epoch": 3.79,
      "learning_rate": 7.314003701418876e-05,
      "loss": 0.6854,
      "step": 12360
    },
    {
      "epoch": 3.8,
      "learning_rate": 7.276989512646515e-05,
      "loss": 0.7105,
      "step": 12380
    },
    {
      "epoch": 3.8,
      "learning_rate": 7.239975323874152e-05,
      "loss": 0.6961,
      "step": 12400
    },
    {
      "epoch": 3.81,
      "learning_rate": 7.202961135101788e-05,
      "loss": 0.7014,
      "step": 12420
    },
    {
      "epoch": 3.81,
      "learning_rate": 7.165946946329425e-05,
      "loss": 0.7276,
      "step": 12440
    },
    {
      "epoch": 3.82,
      "learning_rate": 7.128932757557063e-05,
      "loss": 0.7002,
      "step": 12460
    },
    {
      "epoch": 3.83,
      "learning_rate": 7.0919185687847e-05,
      "loss": 0.6944,
      "step": 12480
    },
    {
      "epoch": 3.83,
      "learning_rate": 7.054904380012338e-05,
      "loss": 0.6944,
      "step": 12500
    },
    {
      "epoch": 3.84,
      "learning_rate": 7.017890191239975e-05,
      "loss": 0.7053,
      "step": 12520
    },
    {
      "epoch": 3.84,
      "learning_rate": 6.980876002467612e-05,
      "loss": 0.692,
      "step": 12540
    },
    {
      "epoch": 3.85,
      "learning_rate": 6.94386181369525e-05,
      "loss": 0.6774,
      "step": 12560
    },
    {
      "epoch": 3.86,
      "learning_rate": 6.906847624922887e-05,
      "loss": 0.6891,
      "step": 12580
    },
    {
      "epoch": 3.86,
      "learning_rate": 6.869833436150524e-05,
      "loss": 0.6925,
      "step": 12600
    },
    {
      "epoch": 3.87,
      "learning_rate": 6.832819247378161e-05,
      "loss": 0.7016,
      "step": 12620
    },
    {
      "epoch": 3.87,
      "learning_rate": 6.795805058605798e-05,
      "loss": 0.692,
      "step": 12640
    },
    {
      "epoch": 3.88,
      "learning_rate": 6.758790869833435e-05,
      "loss": 0.6989,
      "step": 12660
    },
    {
      "epoch": 3.89,
      "learning_rate": 6.721776681061073e-05,
      "loss": 0.7077,
      "step": 12680
    },
    {
      "epoch": 3.89,
      "learning_rate": 6.68476249228871e-05,
      "loss": 0.6986,
      "step": 12700
    },
    {
      "epoch": 3.9,
      "learning_rate": 6.647748303516347e-05,
      "loss": 0.7066,
      "step": 12720
    },
    {
      "epoch": 3.91,
      "learning_rate": 6.610734114743984e-05,
      "loss": 0.6888,
      "step": 12740
    },
    {
      "epoch": 3.91,
      "learning_rate": 6.573719925971623e-05,
      "loss": 0.6939,
      "step": 12760
    },
    {
      "epoch": 3.92,
      "learning_rate": 6.536705737199259e-05,
      "loss": 0.6793,
      "step": 12780
    },
    {
      "epoch": 3.92,
      "learning_rate": 6.499691548426896e-05,
      "loss": 0.6813,
      "step": 12800
    },
    {
      "epoch": 3.93,
      "learning_rate": 6.462677359654533e-05,
      "loss": 0.6688,
      "step": 12820
    },
    {
      "epoch": 3.94,
      "learning_rate": 6.425663170882172e-05,
      "loss": 0.6904,
      "step": 12840
    },
    {
      "epoch": 3.94,
      "learning_rate": 6.388648982109809e-05,
      "loss": 0.6987,
      "step": 12860
    },
    {
      "epoch": 3.95,
      "learning_rate": 6.351634793337446e-05,
      "loss": 0.7215,
      "step": 12880
    },
    {
      "epoch": 3.95,
      "learning_rate": 6.314620604565082e-05,
      "loss": 0.6924,
      "step": 12900
    },
    {
      "epoch": 3.96,
      "learning_rate": 6.27760641579272e-05,
      "loss": 0.6687,
      "step": 12920
    },
    {
      "epoch": 3.97,
      "learning_rate": 6.240592227020358e-05,
      "loss": 0.6883,
      "step": 12940
    },
    {
      "epoch": 3.97,
      "learning_rate": 6.203578038247995e-05,
      "loss": 0.734,
      "step": 12960
    },
    {
      "epoch": 3.98,
      "learning_rate": 6.166563849475632e-05,
      "loss": 0.6851,
      "step": 12980
    },
    {
      "epoch": 3.99,
      "learning_rate": 6.129549660703269e-05,
      "loss": 0.6921,
      "step": 13000
    },
    {
      "epoch": 3.99,
      "learning_rate": 6.0925354719309065e-05,
      "loss": 0.6971,
      "step": 13020
    },
    {
      "epoch": 4.0,
      "learning_rate": 6.055521283158544e-05,
      "loss": 0.7001,
      "step": 13040
    },
    {
      "epoch": 4.0,
      "learning_rate": 6.01850709438618e-05,
      "loss": 0.6779,
      "step": 13060
    },
    {
      "epoch": 4.01,
      "learning_rate": 5.981492905613818e-05,
      "loss": 0.6879,
      "step": 13080
    },
    {
      "epoch": 4.02,
      "learning_rate": 5.944478716841455e-05,
      "loss": 0.6807,
      "step": 13100
    },
    {
      "epoch": 4.02,
      "learning_rate": 5.9074645280690925e-05,
      "loss": 0.6871,
      "step": 13120
    },
    {
      "epoch": 4.03,
      "learning_rate": 5.8704503392967304e-05,
      "loss": 0.6915,
      "step": 13140
    },
    {
      "epoch": 4.03,
      "learning_rate": 5.8334361505243676e-05,
      "loss": 0.6895,
      "step": 13160
    },
    {
      "epoch": 4.04,
      "learning_rate": 5.796421961752004e-05,
      "loss": 0.6923,
      "step": 13180
    },
    {
      "epoch": 4.05,
      "learning_rate": 5.759407772979641e-05,
      "loss": 0.6988,
      "step": 13200
    },
    {
      "epoch": 4.05,
      "learning_rate": 5.722393584207279e-05,
      "loss": 0.6846,
      "step": 13220
    },
    {
      "epoch": 4.06,
      "learning_rate": 5.6853793954349164e-05,
      "loss": 0.688,
      "step": 13240
    },
    {
      "epoch": 4.06,
      "learning_rate": 5.6483652066625536e-05,
      "loss": 0.6496,
      "step": 13260
    },
    {
      "epoch": 4.07,
      "learning_rate": 5.611351017890191e-05,
      "loss": 0.6949,
      "step": 13280
    },
    {
      "epoch": 4.08,
      "learning_rate": 5.574336829117829e-05,
      "loss": 0.6925,
      "step": 13300
    },
    {
      "epoch": 4.08,
      "learning_rate": 5.537322640345465e-05,
      "loss": 0.6911,
      "step": 13320
    },
    {
      "epoch": 4.09,
      "learning_rate": 5.5003084515731024e-05,
      "loss": 0.6744,
      "step": 13340
    },
    {
      "epoch": 4.1,
      "learning_rate": 5.4632942628007396e-05,
      "loss": 0.6753,
      "step": 13360
    },
    {
      "epoch": 4.1,
      "learning_rate": 5.4262800740283775e-05,
      "loss": 0.6733,
      "step": 13380
    },
    {
      "epoch": 4.11,
      "learning_rate": 5.389265885256015e-05,
      "loss": 0.6934,
      "step": 13400
    },
    {
      "epoch": 4.11,
      "learning_rate": 5.352251696483651e-05,
      "loss": 0.6696,
      "step": 13420
    },
    {
      "epoch": 4.12,
      "learning_rate": 5.3152375077112885e-05,
      "loss": 0.678,
      "step": 13440
    },
    {
      "epoch": 4.13,
      "learning_rate": 5.2782233189389263e-05,
      "loss": 0.695,
      "step": 13460
    },
    {
      "epoch": 4.13,
      "learning_rate": 5.2412091301665635e-05,
      "loss": 0.6818,
      "step": 13480
    },
    {
      "epoch": 4.14,
      "learning_rate": 5.204194941394201e-05,
      "loss": 0.6635,
      "step": 13500
    },
    {
      "epoch": 4.14,
      "learning_rate": 5.167180752621837e-05,
      "loss": 0.6923,
      "step": 13520
    },
    {
      "epoch": 4.15,
      "learning_rate": 5.130166563849475e-05,
      "loss": 0.7037,
      "step": 13540
    },
    {
      "epoch": 4.16,
      "learning_rate": 5.0931523750771124e-05,
      "loss": 0.6903,
      "step": 13560
    },
    {
      "epoch": 4.16,
      "learning_rate": 5.0561381863047496e-05,
      "loss": 0.6783,
      "step": 13580
    },
    {
      "epoch": 4.17,
      "learning_rate": 5.019123997532387e-05,
      "loss": 0.6851,
      "step": 13600
    },
    {
      "epoch": 4.18,
      "learning_rate": 4.982109808760025e-05,
      "loss": 0.6618,
      "step": 13620
    },
    {
      "epoch": 4.18,
      "learning_rate": 4.945095619987661e-05,
      "loss": 0.6862,
      "step": 13640
    },
    {
      "epoch": 4.19,
      "learning_rate": 4.9080814312152984e-05,
      "loss": 0.6843,
      "step": 13660
    },
    {
      "epoch": 4.19,
      "learning_rate": 4.871067242442936e-05,
      "loss": 0.6856,
      "step": 13680
    },
    {
      "epoch": 4.2,
      "learning_rate": 4.8340530536705735e-05,
      "loss": 0.6771,
      "step": 13700
    },
    {
      "epoch": 4.21,
      "learning_rate": 4.797038864898211e-05,
      "loss": 0.6836,
      "step": 13720
    },
    {
      "epoch": 4.21,
      "learning_rate": 4.760024676125848e-05,
      "loss": 0.6563,
      "step": 13740
    },
    {
      "epoch": 4.22,
      "learning_rate": 4.723010487353486e-05,
      "loss": 0.6561,
      "step": 13760
    },
    {
      "epoch": 4.22,
      "learning_rate": 4.685996298581122e-05,
      "loss": 0.6784,
      "step": 13780
    },
    {
      "epoch": 4.23,
      "learning_rate": 4.6489821098087595e-05,
      "loss": 0.6587,
      "step": 13800
    },
    {
      "epoch": 4.24,
      "learning_rate": 4.611967921036397e-05,
      "loss": 0.6754,
      "step": 13820
    },
    {
      "epoch": 4.24,
      "learning_rate": 4.5749537322640346e-05,
      "loss": 0.6647,
      "step": 13840
    },
    {
      "epoch": 4.25,
      "learning_rate": 4.537939543491672e-05,
      "loss": 0.689,
      "step": 13860
    },
    {
      "epoch": 4.26,
      "learning_rate": 4.500925354719308e-05,
      "loss": 0.7088,
      "step": 13880
    },
    {
      "epoch": 4.26,
      "learning_rate": 4.4639111659469455e-05,
      "loss": 0.7081,
      "step": 13900
    },
    {
      "epoch": 4.27,
      "learning_rate": 4.4268969771745834e-05,
      "loss": 0.7071,
      "step": 13920
    },
    {
      "epoch": 4.27,
      "learning_rate": 4.3898827884022206e-05,
      "loss": 0.6691,
      "step": 13940
    },
    {
      "epoch": 4.28,
      "learning_rate": 4.352868599629858e-05,
      "loss": 0.6959,
      "step": 13960
    },
    {
      "epoch": 4.29,
      "learning_rate": 4.3158544108574944e-05,
      "loss": 0.6582,
      "step": 13980
    },
    {
      "epoch": 4.29,
      "learning_rate": 4.278840222085132e-05,
      "loss": 0.6723,
      "step": 14000
    },
    {
      "epoch": 4.3,
      "learning_rate": 4.2418260333127695e-05,
      "loss": 0.6674,
      "step": 14020
    },
    {
      "epoch": 4.3,
      "learning_rate": 4.2048118445404067e-05,
      "loss": 0.6894,
      "step": 14040
    },
    {
      "epoch": 4.31,
      "learning_rate": 4.167797655768044e-05,
      "loss": 0.6799,
      "step": 14060
    },
    {
      "epoch": 4.32,
      "learning_rate": 4.130783466995682e-05,
      "loss": 0.6804,
      "step": 14080
    },
    {
      "epoch": 4.32,
      "learning_rate": 4.093769278223319e-05,
      "loss": 0.663,
      "step": 14100
    },
    {
      "epoch": 4.33,
      "learning_rate": 4.0567550894509555e-05,
      "loss": 0.6678,
      "step": 14120
    },
    {
      "epoch": 4.33,
      "learning_rate": 4.019740900678593e-05,
      "loss": 0.6694,
      "step": 14140
    },
    {
      "epoch": 4.34,
      "learning_rate": 3.9827267119062306e-05,
      "loss": 0.7016,
      "step": 14160
    },
    {
      "epoch": 4.35,
      "learning_rate": 3.945712523133868e-05,
      "loss": 0.6819,
      "step": 14180
    },
    {
      "epoch": 4.35,
      "learning_rate": 3.908698334361505e-05,
      "loss": 0.6862,
      "step": 14200
    },
    {
      "epoch": 4.36,
      "learning_rate": 3.8716841455891415e-05,
      "loss": 0.6842,
      "step": 14220
    },
    {
      "epoch": 4.37,
      "learning_rate": 3.8346699568167794e-05,
      "loss": 0.6604,
      "step": 14240
    },
    {
      "epoch": 4.37,
      "learning_rate": 3.7976557680444166e-05,
      "loss": 0.6789,
      "step": 14260
    },
    {
      "epoch": 4.38,
      "learning_rate": 3.760641579272054e-05,
      "loss": 0.7347,
      "step": 14280
    },
    {
      "epoch": 4.38,
      "learning_rate": 3.723627390499691e-05,
      "loss": 0.6768,
      "step": 14300
    },
    {
      "epoch": 4.39,
      "learning_rate": 3.686613201727329e-05,
      "loss": 0.7067,
      "step": 14320
    },
    {
      "epoch": 4.4,
      "learning_rate": 3.6495990129549654e-05,
      "loss": 0.6897,
      "step": 14340
    },
    {
      "epoch": 4.4,
      "learning_rate": 3.612584824182603e-05,
      "loss": 0.6831,
      "step": 14360
    },
    {
      "epoch": 4.41,
      "learning_rate": 3.5774213448488587e-05,
      "loss": 0.6932,
      "step": 14380
    },
    {
      "epoch": 4.41,
      "learning_rate": 3.540407156076496e-05,
      "loss": 0.6787,
      "step": 14400
    },
    {
      "epoch": 4.42,
      "learning_rate": 3.503392967304133e-05,
      "loss": 0.6855,
      "step": 14420
    },
    {
      "epoch": 4.43,
      "learning_rate": 3.46637877853177e-05,
      "loss": 0.681,
      "step": 14440
    },
    {
      "epoch": 4.43,
      "learning_rate": 3.4293645897594075e-05,
      "loss": 0.6886,
      "step": 14460
    },
    {
      "epoch": 4.44,
      "learning_rate": 3.392350400987045e-05,
      "loss": 0.6638,
      "step": 14480
    },
    {
      "epoch": 4.45,
      "learning_rate": 3.355336212214682e-05,
      "loss": 0.6446,
      "step": 14500
    },
    {
      "epoch": 4.45,
      "learning_rate": 3.318322023442319e-05,
      "loss": 0.6671,
      "step": 14520
    },
    {
      "epoch": 4.46,
      "learning_rate": 3.281307834669956e-05,
      "loss": 0.6891,
      "step": 14540
    },
    {
      "epoch": 4.46,
      "learning_rate": 3.2442936458975935e-05,
      "loss": 0.6512,
      "step": 14560
    },
    {
      "epoch": 4.47,
      "learning_rate": 3.2072794571252314e-05,
      "loss": 0.6925,
      "step": 14580
    },
    {
      "epoch": 4.48,
      "learning_rate": 3.170265268352868e-05,
      "loss": 0.6938,
      "step": 14600
    },
    {
      "epoch": 4.48,
      "learning_rate": 3.133251079580506e-05,
      "loss": 0.6783,
      "step": 14620
    },
    {
      "epoch": 4.49,
      "learning_rate": 3.096236890808142e-05,
      "loss": 0.6595,
      "step": 14640
    },
    {
      "epoch": 4.49,
      "learning_rate": 3.05922270203578e-05,
      "loss": 0.6973,
      "step": 14660
    },
    {
      "epoch": 4.5,
      "learning_rate": 3.022208513263417e-05,
      "loss": 0.6904,
      "step": 14680
    },
    {
      "epoch": 4.51,
      "learning_rate": 2.9851943244910546e-05,
      "loss": 0.6922,
      "step": 14700
    },
    {
      "epoch": 4.51,
      "learning_rate": 2.948180135718692e-05,
      "loss": 0.6767,
      "step": 14720
    },
    {
      "epoch": 4.52,
      "learning_rate": 2.911165946946329e-05,
      "loss": 0.68,
      "step": 14740
    },
    {
      "epoch": 4.52,
      "learning_rate": 2.8741517581739666e-05,
      "loss": 0.7183,
      "step": 14760
    },
    {
      "epoch": 4.53,
      "learning_rate": 2.8371375694016038e-05,
      "loss": 0.6975,
      "step": 14780
    },
    {
      "epoch": 4.54,
      "learning_rate": 2.800123380629241e-05,
      "loss": 0.6786,
      "step": 14800
    },
    {
      "epoch": 4.54,
      "learning_rate": 2.7631091918568782e-05,
      "loss": 0.6883,
      "step": 14820
    },
    {
      "epoch": 4.55,
      "learning_rate": 2.7260950030845157e-05,
      "loss": 0.6815,
      "step": 14840
    },
    {
      "epoch": 4.56,
      "learning_rate": 2.6890808143121526e-05,
      "loss": 0.6803,
      "step": 14860
    },
    {
      "epoch": 4.56,
      "learning_rate": 2.65206662553979e-05,
      "loss": 0.6801,
      "step": 14880
    },
    {
      "epoch": 4.57,
      "learning_rate": 2.6150524367674274e-05,
      "loss": 0.6731,
      "step": 14900
    },
    {
      "epoch": 4.57,
      "learning_rate": 2.5780382479950646e-05,
      "loss": 0.6918,
      "step": 14920
    },
    {
      "epoch": 4.58,
      "learning_rate": 2.5410240592227018e-05,
      "loss": 0.6741,
      "step": 14940
    },
    {
      "epoch": 4.59,
      "learning_rate": 2.5040098704503393e-05,
      "loss": 0.6885,
      "step": 14960
    },
    {
      "epoch": 4.59,
      "learning_rate": 2.4669956816779762e-05,
      "loss": 0.689,
      "step": 14980
    },
    {
      "epoch": 4.6,
      "learning_rate": 2.4299814929056137e-05,
      "loss": 0.6775,
      "step": 15000
    },
    {
      "epoch": 4.6,
      "learning_rate": 2.3929673041332506e-05,
      "loss": 0.7043,
      "step": 15020
    },
    {
      "epoch": 4.61,
      "learning_rate": 2.355953115360888e-05,
      "loss": 0.6971,
      "step": 15040
    },
    {
      "epoch": 4.62,
      "learning_rate": 2.3189389265885253e-05,
      "loss": 0.6754,
      "step": 15060
    },
    {
      "epoch": 4.62,
      "learning_rate": 2.281924737816163e-05,
      "loss": 0.6795,
      "step": 15080
    },
    {
      "epoch": 4.63,
      "learning_rate": 2.2449105490437997e-05,
      "loss": 0.6916,
      "step": 15100
    },
    {
      "epoch": 4.64,
      "learning_rate": 2.2078963602714373e-05,
      "loss": 0.7106,
      "step": 15120
    },
    {
      "epoch": 4.64,
      "learning_rate": 2.170882171499074e-05,
      "loss": 0.6922,
      "step": 15140
    },
    {
      "epoch": 4.65,
      "learning_rate": 2.1338679827267117e-05,
      "loss": 0.6749,
      "step": 15160
    },
    {
      "epoch": 4.65,
      "learning_rate": 2.096853793954349e-05,
      "loss": 0.6917,
      "step": 15180
    },
    {
      "epoch": 4.66,
      "learning_rate": 2.059839605181986e-05,
      "loss": 0.6778,
      "step": 15200
    },
    {
      "epoch": 4.67,
      "learning_rate": 2.0228254164096233e-05,
      "loss": 0.6854,
      "step": 15220
    },
    {
      "epoch": 4.67,
      "learning_rate": 1.985811227637261e-05,
      "loss": 0.6801,
      "step": 15240
    },
    {
      "epoch": 4.68,
      "learning_rate": 1.948797038864898e-05,
      "loss": 0.6799,
      "step": 15260
    },
    {
      "epoch": 4.68,
      "learning_rate": 1.9117828500925353e-05,
      "loss": 0.6906,
      "step": 15280
    },
    {
      "epoch": 4.69,
      "learning_rate": 1.8747686613201725e-05,
      "loss": 0.6728,
      "step": 15300
    },
    {
      "epoch": 4.7,
      "learning_rate": 1.8377544725478097e-05,
      "loss": 0.6748,
      "step": 15320
    },
    {
      "epoch": 4.7,
      "learning_rate": 1.800740283775447e-05,
      "loss": 0.6907,
      "step": 15340
    },
    {
      "epoch": 4.71,
      "learning_rate": 1.7637260950030844e-05,
      "loss": 0.6827,
      "step": 15360
    },
    {
      "epoch": 4.71,
      "learning_rate": 1.7267119062307216e-05,
      "loss": 0.6655,
      "step": 15380
    },
    {
      "epoch": 4.72,
      "learning_rate": 1.689697717458359e-05,
      "loss": 0.6952,
      "step": 15400
    },
    {
      "epoch": 4.73,
      "learning_rate": 1.652683528685996e-05,
      "loss": 0.7035,
      "step": 15420
    },
    {
      "epoch": 4.73,
      "learning_rate": 1.6156693399136333e-05,
      "loss": 0.7073,
      "step": 15440
    },
    {
      "epoch": 4.74,
      "learning_rate": 1.5786551511412705e-05,
      "loss": 0.6802,
      "step": 15460
    },
    {
      "epoch": 4.75,
      "learning_rate": 1.541640962368908e-05,
      "loss": 0.6903,
      "step": 15480
    },
    {
      "epoch": 4.75,
      "learning_rate": 1.504626773596545e-05,
      "loss": 0.6834,
      "step": 15500
    },
    {
      "epoch": 4.76,
      "learning_rate": 1.4676125848241826e-05,
      "loss": 0.6655,
      "step": 15520
    },
    {
      "epoch": 4.76,
      "learning_rate": 1.4305983960518198e-05,
      "loss": 0.6846,
      "step": 15540
    },
    {
      "epoch": 4.77,
      "learning_rate": 1.3935842072794572e-05,
      "loss": 0.6816,
      "step": 15560
    },
    {
      "epoch": 4.78,
      "learning_rate": 1.3565700185070944e-05,
      "loss": 0.6675,
      "step": 15580
    },
    {
      "epoch": 4.78,
      "learning_rate": 1.3195558297347316e-05,
      "loss": 0.6767,
      "step": 15600
    },
    {
      "epoch": 4.79,
      "learning_rate": 1.2825416409623688e-05,
      "loss": 0.6792,
      "step": 15620
    },
    {
      "epoch": 4.79,
      "learning_rate": 1.2455274521900062e-05,
      "loss": 0.7126,
      "step": 15640
    },
    {
      "epoch": 4.8,
      "learning_rate": 1.2085132634176434e-05,
      "loss": 0.7141,
      "step": 15660
    },
    {
      "epoch": 4.81,
      "learning_rate": 1.1714990746452806e-05,
      "loss": 0.7096,
      "step": 15680
    },
    {
      "epoch": 4.81,
      "learning_rate": 1.134484885872918e-05,
      "loss": 0.6743,
      "step": 15700
    },
    {
      "epoch": 4.82,
      "learning_rate": 1.0974706971005552e-05,
      "loss": 0.6867,
      "step": 15720
    },
    {
      "epoch": 4.83,
      "learning_rate": 1.0604565083281924e-05,
      "loss": 0.6917,
      "step": 15740
    },
    {
      "epoch": 4.83,
      "learning_rate": 1.0234423195558297e-05,
      "loss": 0.6974,
      "step": 15760
    },
    {
      "epoch": 4.84,
      "learning_rate": 9.86428130783467e-06,
      "loss": 0.6906,
      "step": 15780
    },
    {
      "epoch": 4.84,
      "learning_rate": 9.494139420111041e-06,
      "loss": 0.6812,
      "step": 15800
    },
    {
      "epoch": 4.85,
      "learning_rate": 9.123997532387414e-06,
      "loss": 0.712,
      "step": 15820
    },
    {
      "epoch": 4.86,
      "learning_rate": 8.753855644663787e-06,
      "loss": 0.6832,
      "step": 15840
    },
    {
      "epoch": 4.86,
      "learning_rate": 8.38371375694016e-06,
      "loss": 0.6876,
      "step": 15860
    },
    {
      "epoch": 4.87,
      "learning_rate": 8.013571869216531e-06,
      "loss": 0.6673,
      "step": 15880
    },
    {
      "epoch": 4.87,
      "learning_rate": 7.643429981492905e-06,
      "loss": 0.6779,
      "step": 15900
    },
    {
      "epoch": 4.88,
      "learning_rate": 7.273288093769277e-06,
      "loss": 0.6922,
      "step": 15920
    },
    {
      "epoch": 4.89,
      "learning_rate": 6.903146206045651e-06,
      "loss": 0.6849,
      "step": 15940
    },
    {
      "epoch": 4.89,
      "learning_rate": 6.533004318322023e-06,
      "loss": 0.6739,
      "step": 15960
    },
    {
      "epoch": 4.9,
      "learning_rate": 6.162862430598396e-06,
      "loss": 0.6735,
      "step": 15980
    },
    {
      "epoch": 4.9,
      "learning_rate": 5.792720542874768e-06,
      "loss": 0.6766,
      "step": 16000
    },
    {
      "epoch": 4.91,
      "learning_rate": 5.422578655151141e-06,
      "loss": 0.7035,
      "step": 16020
    },
    {
      "epoch": 4.92,
      "learning_rate": 5.052436767427514e-06,
      "loss": 0.6769,
      "step": 16040
    },
    {
      "epoch": 4.92,
      "learning_rate": 4.682294879703886e-06,
      "loss": 0.6995,
      "step": 16060
    },
    {
      "epoch": 4.93,
      "learning_rate": 4.312152991980259e-06,
      "loss": 0.6682,
      "step": 16080
    },
    {
      "epoch": 4.94,
      "learning_rate": 3.942011104256631e-06,
      "loss": 0.6651,
      "step": 16100
    },
    {
      "epoch": 4.94,
      "learning_rate": 3.5718692165330037e-06,
      "loss": 0.6951,
      "step": 16120
    },
    {
      "epoch": 4.95,
      "learning_rate": 3.201727328809377e-06,
      "loss": 0.6684,
      "step": 16140
    },
    {
      "epoch": 4.95,
      "learning_rate": 2.8315854410857495e-06,
      "loss": 0.6646,
      "step": 16160
    },
    {
      "epoch": 4.96,
      "learning_rate": 2.461443553362122e-06,
      "loss": 0.688,
      "step": 16180
    },
    {
      "epoch": 4.97,
      "learning_rate": 2.0913016656384945e-06,
      "loss": 0.6876,
      "step": 16200
    }
  ],
  "max_steps": 16310,
  "num_train_epochs": 5,
  "total_flos": 4.8179374861162906e+17,
  "trial_name": null,
  "trial_params": null
}
